 TableName,ID,EN_UK,EN_UK_Shorten,TH_TH,JP_JP,Comment
quest_templates - quest_name,1,Starting Out,,,,
,2,Mangy Mutts,,,,
,3,Beastly Behaviour,,,,
,4,Reporting for Duty,,,,
,5,The Commendation,,,,
,6,Doctor's Orders,,,,
,7,Into the Dark,,,,
,8,Village People,,,,
,9,The Alpha Snarl,,,,
,10,Helping Hugh,,,,
,11,Sacrilege and Thievery,,,,
,12,Happy Hour,,,,
,13,Giving Simon the Finger,,,,
,14,The Invaders,,,,
,15,Northern Peninsula,,,,
,16,Test Quest Multi Reward,,,,
,17,A Hairy Situation,,,,
,18,Shalemont OLD,,,,
,19,Crookback Hollow,,,,
,20,Stolen Relics,,,,
,21,Chicken Hunt,,,,
,22,The Magpie,,,,
,23,Sloan the Killer,,,,
,24,The Starling,,,,
,25,Studying the Stones OLD,,,,
,26,The Chessmen OLD,,,,
,27,Puppy Love,,,,
,28,Mead,,,,
,29,Jill's Herd,,,,
,30,A Romantic Engagement,,,,
,31,Missing Picks,,,,
,32,Pelter-Skelter,,,,
,33,Grave Misbehaviour,,,,
,34,Hogan and the Horns,,,,
,35,Healing Herbs OLD,,,,
,36,The Signal,,,,
,37,Deadly Research,,,,
,38,On the Prowl,,,,
,39,Them Bones,,,,
,40,Booting Up,,,,
,41,Winter Warmer,,,,
,42,Pelt Hunt OLD,,,,
,43,Jailbreak,,,,
,44,A Secret Message,,,,
,45,Smuggled Goods,,,,
,46,Hilltop Loot,,,,
,47,Secret Stash,,,,
,48,The Frostfang,,,,
,49,Finnigan's Bows,,,,
,50,Mugworts,,,,
,51,Druid Blessing,,,,
,52,Picking Thyme,,,,
,53,Blair's Bows,,,,
,54,Cold as Ice,,,,
,55,Clan Mathanach's Revenge OLD,,,,
,56,The Darkness Released,,,,
,57,Behind Enemy Lines OLD,,,,
,58,Salve-ation,,,,
,59,NOT USED The Axeman,,,,
,60,NOT USED Kerr's Defence,,,,
,61,Invasion!,,,,
,62,Ranger Camryn,,,,
,63,The Lost Scouts,,,,
,64,Retake the Lake,,,,
,65,Ranger Darrion,,,,
,66,Commander Cullen,,,,
,67,Pitfighters,,,,
,68,Storming the Tower,,,,
,69,To Grey Gorge,,,,
,70,The Other Side,,,,
,71,The Rescue,,,,
,72,Marshal Gannon,,,,
,73,Traitors Unmasked,,,,
,74,Luther's Judgement,,,,
,75,The Spoils of Battle,,,,
,76,Ice Cold in Shalemont,,,,
,77,Reconnaisance Mission,,,,
,78,Finding the Stonevale Stones,,,,
,79,The Defector,,,,
,80,The Evil in Stonevale,,,,
,81,The Man in the Stream,,,,
,82,Tam Lin's Memories,,,,
,83,Pork Chop,,,,
,84,Tam Lin's Sword,,,,
,85,Tam Lin's Brooch,,,,
,86,Storybook Love,,,,
,87,Postal Proposal,,,,
,88,Warden Oisin,,,,
,89,Warden Brixos,,,,
,90,Warden Rhallai,,,,
,91,Warden Vinda,,,,
,92,Warden Eanan,,,,
,93,Warden Griga,,,,
,94,The Wardens,,,,
,95,The Lanterns of Samhain,,,,
,96,The Wand of Hallows,,,,
,97,Witch's Brew: Part 1,,,,
,98,Witch's Brew: Part 2,,,,
,99,Witch's Brew: Part 3,,,,
,100,Hatti's Hat,,,,
,101,Meteoric Might,,,,
,102,Meteoric Might,,,,
,103,Meteoric Might,,,,
,104,Meteoric Might,,,,
,105,Meteoric Might,,,,
,106,Enchanted,,,,
,107,The Fugitive Menagerie,,,,
,108,Isle of Booty,,,,
,109,Benedictions of Morrigan,,,,
,110,Litanies of Morrigan,,,,
,111,Invocations of Morrigan,,,,
,112,Rites of Morrigan,,,,
,113,Echoes of Morrigan,,,,
,114,The Yulefather,,,,
,115,The Yulefather,,,,
,116,The Yulefather,,,,
,117,The Yulefather,,,,
,118,The Bleak Midwinter,,,,
,119,The Defence of Winter,,,,
,120,Jack and the Snowmen,,,,
,121,Astral Gauntlets,,,,
,122,Cosmic Gloves,,,,
,123,Lunar Gauntlets,,,,
,124,Celestial Gloves,,,,
,125,Zodiac Gloves,,,,
,126,Astral Boots,,,,
,127,Cosmic Sandals,,,,
,128,Lunar Boots,,,,
,129,Celestial Shoes,,,,
,130,Zodiac Boots,,,,
,131,Astral Helm,,,,
,132,Cosmic Cowl,,,,
,133,Lunar Hood,,,,
,134,Celestial Cowl,,,,
,135,Zodiac Hood,,,,
,136,Astral Greaves,,,,
,137,Cosmic Leggings,,,,
,138,Lunar Greaves,,,,
,139,Celestial Skirt,,,,
,140,Zodiac Breeches,,,,
,141,Astral Breastplate,,,,
,142,Cosmic Robe,,,,
,143,Lunar Cuirass,,,,
,144,Celestial Gown,,,,
,145,Zodiac Jerkin,,,,
,146,A Hero Rises OLD,,,,
,147,The Poison,,,,
,148,Giant Swing DNU,,,,
,149,Strangling Vines DNU,,,,
,150,Barbed Shot DNU,,,,
,151,Cloak of Fire DNU,,,,
,152,Rend DNU,,,,
,153,The Curse,,,,
,154,The Lighthouse OLD,,,,
,155,The Flamebringers OLD,,,,
,156,The Fires of War OLD1,,,,
,157,Captain Ross,,,,
,158,The Healer,,,,
,159,Bandage Wounds OLD,,,,
,160,The Crossroads Guard OLD,,,,
,161,Wolf Trouble OLD,,,,
,162,Farcrag Castle,,,,
,163,An Audience with the Lord,,,,
,164,Lord MacLir,,,,
,165,Protective Stance,,,,
,166,Natures Touch,,,,
,167,Light Heal,,,,
,168,Cloak of Fire,,,,
,169,Hide and Sneaky Attack,,,,
,170,Crookback Crisis,,,,
,171,Making an Entrance,,,,
,172,Taunt,,,,
,173,Grasping Roots,,,,
,174,Light Heal,,,,
,175,Lure of Fire,,,,
,176,Poison Weapon,,,,
,177,The Man in Black,,,,
,178,Silence is Golden,,,,
,179,The Bribes,,,,
,180,The Seer,,,,
,181,The Assassins,,,,
,182,Meditation,,,,
,183,Mushroom Picking,,,,
,184,The White Stag,,,,
,185,Watchers,,,,
,186,Sergeant Grumpshot,,,,
,187,The Eastern Dock,,,,
,188,Recuperate,,,,
,189,The Skullcrushers,,,,
,190,The Jotuns,,,,
,191,Frenzy,,,,
,192,Shield of Bark,,,,
,193,Bolas,,,,
,194,Energy Boost,,,,
,195,Fast Reflexes,,,,
,196,The Scryers,,,,
,197,Hagvar the Hairy,,,,
,198,Back to Highshore,,,,
,199,Eclipse,,,,
,200,The Graveyard Shift,,,,
,201,Blackstone Guards,,,,
,202,Looking for Canonach,,,,
,203,Obelisk of Crom,,,,
,204,Manus Blackstone,,,,
,205,Victory March,,,,
,206,Shalemont,,,,
,207,Connacht Scouts,,,,
,263,The First Key Piece,,,,
,264,The Second Key Piece,,,,
,265,The Third Key Piece,,,,
,266,The Fourth Key Piece,,,,
,267,The Fifth Key Piece,,,,
,268,The Sixth Key Piece,,,,
,269,The Seventh Key Piece,,,,
,270,The Lost Artifacts,,,,
,271,Green Death,,,,
,272,Grimbreath,,,,
,273,Ambushed Supplies,,,,
,274,Faerieland,,,,
,275,The Favour of the Daghda,,,,
,276,The Favour of Gofannon,,,,
,277,The Favour of Epona,,,,
,278,The Favour of Cerridwen,,,,
,279,The Favour of Lir,,,,
,280,Sweeping Blow,,,,
,281,Storm Touch,,,,
,282,Entangle,,,,
,283,Freeze,,,,
,284,Assassinate,,,,
,285,Enduring Guard,,,,
,286,Nature's Breath,,,,
,287,Defensive Spikes,,,,
,288,Incinerate,,,,
,289,Play Dead,,,,
,290,Culann's Crystals,,,,
,291,Wayland's Crystals,,,,
,292,The Test of Regulus,,,,
,293,The Favour of the Daghda,,,,
,294,The Favour of Gofannon,,,,
,295,The Favour of Epona,,,,
,296,The Favour of Cerridwen,,,,
,297,The Favour of Lir,,,,
,298,Red Crest of the Serpent,,,,
,299,Red Crest of the Hound,,,,
,300,Red Crest of the Hawk,,,,
,301,Red Crest of the Stag,,,,
,302,Red Crest of the Bear,,,,
,303,Red Crest of the Lion,,,,
,304,Green Crest of the Serpent,,,,
,305,Green Crest of the Hound,,,,
,306,Green Crest of the Hawk,,,,
,307,Green Crest of the Stag,,,,
,308,Green Crest of the Bear,,,,
,309,Green Crest of the Lion,,,,
,310,Yellow Crest of the Serpent,,,,
,311,Yellow Crest of the Hound,,,,
,312,Yellow Crest of the Hawk,,,,
,313,Yellow Crest of the Stag,,,,
,314,Yellow Crest of the Bear,,,,
,315,Yellow Crest of the Lion,,,,
,316,Blue Crest of the Serpent,,,,
,317,Blue Crest of the Hound,,,,
,318,Blue Crest of the Hawk,,,,
,319,Blue Crest of the Stag,,,,
,320,Blue Crest of the Bear,,,,
,321,Blue Crest of the Lion,,,,
,322,Purple Crest of the Serpent,,,,
,323,Purple Crest of the Hound,,,,
,324,Purple Crest of the Hawk,,,,
,325,Purple Crest of the Stag,,,,
,326,Purple Crest of the Bear,,,,
,327,Purple Crest of the Lion,,,,
,328,The Present Hunt,,,,
,329,TEST QUEST,,,,
,330,Pink Party Hat,,,,
,331,Orange Party Hat,,,,
,332,Yellow Party Hat,,,,
,333,Green Party Hat,,,,
,334,Turquoise Party Hat,,,,
,335,Blue Party Hat,,,,
,336,Purple Party Hat,,,,
,337,Scraps for Bogan,,,,
,338,Toady Chew,,,,
,339,Sunstones for Lugh,,,,
,340,Pink Mask of Lugh,,,,
,341,Orange Mask of Lugh,,,,
,342,Yellow Mask of Lugh,,,,
,343,Green Mask of Lugh,,,,
,344,Turquoise Mask of Lugh,,,,
,345,Blue Mask of Lugh,,,,
,346,Purple Mask of Lugh,,,,
,347,White Mask of Lugh,,,,
,348,Sunflowers and Curses,,,,
,349,Cow Pie,,,,
,350,Aromatic Pasty,,,,
,351,Boar Crumble,,,,
,352,A Spicy Filling,,,,
,353,The Deerest Pie,,,,
,354,Spar with Strog,,,,
,355,Spar with Balmon,,,,
,356,Spar with Crammok,,,,
,357,Spar with Ragnor,,,,
,358,Lir's Reach Runners Quest,,,,
,359,OLD Shalemont Ravine Runners Quest,,,,
,360,Stonevale Runners Quest,,,,
,361,Otherworld Runners Quest,,,,
,362,OLD Lir's Reach Kill group Quest,,,,
,363,Shalemont Ravine Kill group Quest,,,,
,364,Stonevale Kill group Quest,,,,
,365,OLD Otherworld Portal Kill group Quest,,,,
,366,Otherworld Tower Kill group Quest,,,,
,367,Black Coven Hat,,,,
,368,Red Coven Hat,,,,
,369,Red Coven Hat,,,,
,370,Pink Coven Hat,,,,
,371,Pink Coven Hat,,,,
,372,Yellow Coven Hat,,,,
,373,Yellow Coven Hat,,,,
,374,Green Coven Hat,,,,
,375,Green Coven Hat,,,,
,376,Blue Coven Hat,,,,
,377,Banishing Cronus,,,,
,378,Banishing Gastor,,,,
,379,Banishing Darkon,,,,
,380,Banishing Polgrot,,,,
,381,Banishing Enteron,,,,
,382,Duskshadow Gloves,,,,
,383,Duskshadow Shoes,,,,
,384,Duskshadow Cowl,,,,
,385,Duskshadow Leggings,,,,
,386,Duskshadow Robe,,,,
,387,Banishing Revoltor,,,,
,388,Banishing Spletch,,,,
,389,Banishing Varthan,,,,
,390,Banishing Wurmscum,,,,
,391,Banishing Thossos,,,,
,392,Darkshadow Gloves,,,,
,393,Darkshadow Boots,,,,
,394,Darkshadow Hood,,,,
,395,Darkshadow Breeches,,,,
,396,Darkshadow Cuirass,,,,
,397,Banishing Cynoth,,,,
,398,Banishing Scabbor,,,,
,399,Banishing Mordum,,,,
,400,Banishing Pustulon,,,,
,401,Banishing Lazarath,,,,
,402,Spiritshadow Gauntlets OLD,,,,
,403,Spiritshadow Boots OLD,,,,
,404,Spiritshadow Helm OLD,,,,
,405,Spiritshadow Greaves OLD,,,,
,406,Spiritshadow Breastplate OLD,,,,
,407,Cane of Bats,,,,
,408,Grand Cane of Bats,,,,
,409,Blue Coven Hat,,,,
,410,Purple Coven Hat,,,,
,411,Purple Coven Hat,,,,
,412,White Coven Hat,,,,
,413,White Coven Hat,,,,
,414,A Plague of Rats,,,,
,416,Dragonlord Gauntlets,,,,
,417,Dragonlord Wristguards,,,,
,418,Dragonlord Vambraces,,,,
,419,Dragonlord Gloves,,,,
,420,Dragonlord Handwraps,,,,
,421,Dragonlord Boots,,,,
,422,Dragonlord Sandals,,,,
,423,Dragonlord Treads,,,,
,424,Dragonlord Shoes,,,,
,425,Dragonlord Footguards,,,,
,426,Dragonlord Helm,,,,
,427,Dragonlord Circlet,,,,
,428,Dragonlord Hood,,,,
,429,Dragonlord Hat,,,,
,430,Dragonlord Cowl,,,,
,431,Dragonlord Greaves,,,,
,432,Dragonlord Leggings,,,,
,433,Dragonlord Legguards,,,,
,434,Dragonlord Skirt,,,,
,435,Dragonlord Breeches,,,,
,436,Dragonlord Breastplate,,,,
,437,Dragonlord Robe,,,,
,438,Dragonlord Cuirass,,,,
,439,Dragonlord Gown,,,,
,440,Dragonlord Jerkin,,,,
,441,Dragonlord Sword,,,,
,442,Dragonlord Totem,,,,
,443,Dragonlord Bow,,,,
,444,Dragonlord Wand,,,,
,445,Dragonlord Dagger,,,,
,446,Dragonlord Shield,,,,
,447,Dragonlord Codex,,,,
,448,Dragonlord Quiver,,,,
,449,Dragonlord Grimoire,,,,
,450,Dragonlord Rondel,,,,
,451,The Catacombs,,,,
,452,To Fingal's Cave,,,,
,453,The Fianna,,,,
,454,Double Duty,,,,
,455,The Cellar Key,,,,
,456,Fir Bolg Quest 1,,,,
,457,Fir Bolg Quest 2,,,,
,458,Fir Bolg Quest 3,,,,
,459,The Yulefather,,,,
,460,The Present Hunt,,,,
,461,Igor's Task,,,,
,462,The Wanderer's Task,,,,
,463,The Cloud Spirits,,,,
,464,Good Prospects,,,,
,465,Sting in the Tail,,,,
,466,Feeding Time,,,,
,467,Cavern Stew,,,,
,468,Isle of Booty Not Used,,,,
,469,Fir Bolg Quest 3A,,,,
,470,Fir Bolg Quest 3B,,,,
,471,Fir Bolg Quest 3C,,,,
,472,Fir Bolg Quest 4,,,,
,473,Fir Bolg Quest 4A,,,,
,474,Fir Bolg Quest 4B,,,,
,475,Fir Bolg Quest 4C,,,,
,476,Fir Bolg Quest 5,,,,
,477,Varthon's Crystals,,,,
,478,The Sea Chart,,,,
,479,Back from the Dead,,,,
,480,Gowan's Crystals,,,,
,481,Firbolg Scouts,,,,
,482,Onyx Hands,,,,
,483,Onyx Feet,,,,
,484,Onyx Helm,,,,
,485,Onyx Legs,,,,
,486,Onyx Torso,,,,
,487,Obsidian Hands,,,,
,488,Obsidian Feet,,,,
,489,Obsidian Helm,,,,
,490,Obsidian Legs,,,,
,491,Obsidian Torso,,,,
,492,Stolen Cargo,,,,
,493,Claws of the Beast,,,,
,494,Paws of the Beast,,,,
,495,Head of the Beast,,,,
,496,Legs of the Beast,,,,
,497,Ribs of the Beast,,,,
,498,Talons of the Beast,,,,
,499,Hooves of the Beast,,,,
,500,Skull of the Beast,,,,
,501,Limbs of the Beast,,,,
,502,Spine of the Beast,,,,
,503,Arald the Raider,,,,
,504,Innes the Raider,,,,
,505,Chasm Crawlers,,,,
,506,Spar with Killain,,,,
,507,Hawkhurst Chests,,,,
,508,Darksea Chests,,,,
,509,Chaos in Stonevale,,,,
,510,The Ceremonial Dagger,,,,
,511,The Present Robbery,,,,
,512,Crowning Glory,,,,
,513,Sacred Summertime,,,,
,514,The Rites of Summer,,,,
,515,A Posy of Poppies,,,,
,516,Flowers of Summer,,,,
,517,Bounty: Repel the Reavers,,,,
,518,[Bounty]: Defeating the Draken,,,,
,519,[Bounty]: Halt the Raze,,,,
,520,[Bounty]: Cull the Wolves,,,,
,521,[Bounty]: Clear the Coast Road,,,,
,522,[Bounty]: Protect the Village,,,,
,523,[Bounty]: Hunt the Runts,,,,
,524,[Bounty]: Aid the Mathanac,,,,
,525,[Bounty]: Stop the Pox,,,,
,526,[Bounty]: Nibbles for Niblet,,,,
,527,Studying the Stones,,,,
,528,Pelt Hunt NOT USED,,,,
,529,[Bounty]: Rats for Payl,,,,
,530,[Bounty]: Trade Association,,,,
,531,[Bounty]: Chip some Flint,,,,
,532,[Bounty]: Protect the Tavern,,,,
,533,[Bounty]: Protect the Wardens,,,,
,534,[Bounty]: Cut the Horns,,,,
,535,[Bounty]: Skull Crushing,,,,
,536,[Bounty]: Shadows of Crookback,,,,
,537,[Bounty]: Hollow Bash,,,,
,538,[Bounty]: Spiritual Healing,,,,
,539,[Bounty]: The Acolytes,,,,
,540,[Bounty]: Ritual Removal,,,,
,541,[Bounty]: Rotting Away,,,,
,542,[Bounty]: Tomb Guardians,,,,
,543,[Bounty]: Thorn without a Rose,,,,
,544,[Bounty]: Bound to the Grave,,,,
,545,[Bounty]: Brigands Abound,,,,
,546,[Bounty]: Zounds,,,,
,547,[Bounty]: Skeletal Remains,,,,
,548,[Bounty]: Spies Detected,,,,
,549,[Bounty]: Into a Skirmish,,,,
,550,[Bounty]: Divination,,,,
,551,[Bounty]: Secret Army,,,,
,552,[Bounty]: Divining the Future,,,,
,553,[Bounty]: Guards! Guards!,,,,
,554,[Bounty]: Rampant Raiders,,,,
,555,[Bounty]: Death Wish,,,,
,556,[Bounty]: Super Trooper,,,,
,557,[Bounty]: Infestation,,,,
,558,[Bounty]: Ratatouille,,,,
,559,[Bounty]: On the Waterfront,,,,
,560,[Bounty]: Archery Club,,,,
,561,[Bounty]: Cry Havoc,,,,
,562,[Bounty]: Rat-a-tat-tat,,,,
,563,[Bounty]: Bubble and Squeak,,,,
,564,[Bounty]: Wings Above,,,,
,565,[Bounty]: Dire Times,,,,
,566,[Bounty]: Angry Bats,,,,
,567,[Bounty]: Choppin' Time,,,,
,568,[Bounty]: Out to Bat,,,,
,569,[Bounty]: Bite Marks,,,,
,570,[Bounty]: Forged in Fire,,,,
,571,[Bounty]: Blades of Fury,,,,
,572,[Bounty]: Deep and Twisted,,,,
,573,[Bounty]: Defend or Die,,,,
,574,[Bounty]: Red Curse,,,,
,575,[Bounty]: In Our Defence,,,,
,576,[Bounty]: Rattus Giganticus,,,,
,577,[Bounty]: Boar-ed,,,,
,578,[Bounty]: Release the Bats,,,,
,579,[Bounty]: Short Stuff,,,,
,580,[Bounty]: Cursed Shots,,,,
,581,[Bounty]: Secret Glade,,,,
,582,[Bounty]: Golden Resource,,,,
,583,[Bounty]: Tiny Fighters,,,,
,584,[Bounty]: Glowering Terror,,,,
,585,[Bounty]: Glower Power,,,,
,586,[Bounty]: Doom and Gloom,,,,
,587,[Bounty]: Down in the Woods,,,,
,588,[Bounty]: Winter Woes,,,,
,589,[Bounty]: Grove of Blood,,,,
,590,[Bounty]: Blast the Horns,,,,
,591,[Bounty]: Un-bear-able,,,,
,592,[Bounty]: Watch in Gore,,,,
,593,[Bounty]: A Quick Cut,,,,
,594,[Bounty]: Run on empty,,,,
,595,[Bounty]: Pirate Landing,,,,
,596,[Bounty]: Ruff Seas,,,,
,597,[Bounty]: Balance of Nature,,,,
,598,[Bounty]: Nautical Knaves,,,,
,599,[Bounty]: Sore Eyes,,,,
,600,[Bounty]: Pool of Blood,,,,
,601,[Bounty]: Eye for a Bargain,,,,
,602,[Bounty]: Dark and Twisted,,,,
,603,[Bounty]: Crawling Skin,,,,
,604,[Bounty]: Ever Vigilant,,,,
,605,[Bounty]: Mystery Meat,,,,
,606,[Bounty]: Piratical Plot,,,,
,607,[Bounty]: Acceptable Loot,,,,
,608,[Bounty]: Unpaid Debts,,,,
,609,[Bounty]: Saving Sight,,,,
,610,[Bounty]: Sting in the Tail,,,,
,611,[Bounty]: Hidden in the Web,,,,
,612,[Bounty]: Silky Solution,,,,
,613,[Bounty]: Poisoned Caves,,,,
,614,[Bounty]: Poised to Strike,,,,
,615,[Bounty]: Tunnel Points,,,,
,616,[Bounty]: Eight String,,,,
,617,[Bounty]: Acid Bite,,,,
,618,[Bounty]: Pincer Pounce,,,,
,619,[Bounty]: Undead Threat,,,,
,620,[Bounty]: Return of the Dead,,,,
,621,[Bounty]: Web Spinners,,,,
,622,[Bounty]: Waspish Behaviour,,,,
,623,[Bounty]: Zombieland,,,,
,624,[Bounty]: Crystal Bog,,,,
,625,[Bounty]: Into the Caves,,,,
,626,[Bounty]: Swampy Issues,,,,
,627,[Bounty]: Crabby Beasts,,,,
,628,[Bounty]: Kelpie Chaos,,,,
,629,[Bounty]: The Haunted Pass,,,,
,630,[Bounty]: Uprooting the Problem,,,,
,631,[Bounty]: Tree Surgeon,,,,
,632,[Bounty]: The Howl of Agony,,,,
,633,[Bounty]: Stop the Saplings,,,,
,634,[Bounty]: Bad Dreams,,,,
,635,[Bounty]: Nine Wood,,,,
,636,[Bounty]: Approaching Darkness,,,,
,637,[Bounty]: Weary Wailing,,,,
,638,[Bounty]: Heart of Oak,,,,
,639,[Bounty]: Pale Wail,,,,
,640,[Bounty]: Grey Hunger,,,,
,641,[Bounty]: Blood Arrows,,,,
,642,[Bounty]: Rock and Stone,,,,
,643,[Bounty]: Cripple Crom's Crew,,,,
,644,[Bounty]: The Boggan Scourge,,,,
,645,[Bounty]: Blackstone Battle,,,,
,646,[Bounty]: Rock and Roll,,,,
,647,[Bounty]: Strong as Stone,,,,
,648,[Bounty]: Circle Saviour,,,,
,649,[Bounty]: Dark Gathering,,,,
,650,[Bounty]: All Work,,,,
,651,[Bounty]: Broken Bow,,,,
,652,[Bounty]: Razor Rain,,,,
,653,[Bounty]: Hot Rocks,,,,
,654,[Bounty]: Burning Point,,,,
,655,[Bounty]: Red Mist,,,,
,656,[Bounty]: Quench the Fire,,,,
,657,[Bounty]: Hatching Time,,,,
,658,[Bounty]: Fire Horse,,,,
,659,[Bounty]: Beastly Bounty,,,,
,660,[Bounty]: Toxic Treaty,,,,
,661,[Bounty]: Dark Learning,,,,
,662,[Bounty]: Balancing the Scales,,,,
,663,[Bounty]: Venomous Sting,,,,
,664,[Bounty]: Tonal Turbulence,,,,
,665,[Bounty]: Poisoned Arrows,,,,
,666,[Bounty]: The Healing Way,,,,
,667,[Bounty]: Mix and Match,,,,
,668,[Bounty]: Charnel House,,,,
,669,[Bounty]: See Scouts,,,,
,670,[Bounty]: Purple Blood,,,,
,671,[Bounty]: Boggan Boon,,,,
,672,[Bounty]: I Spy,,,,
,673,[Bounty]: For the Purple,,,,
,674,[Bounty]: Baby Face,,,,
,675,[Bounty]: Black Magic,,,,
,676,[Bounty]: Shadow Walking,,,,
,677,[Bounty]: Gold Choppers,,,,
,678,[Bounty]: Guinea Pig,,,,
,679,[Bounty]: Warriors Way,,,,
,680,[Bounty]: Time of the Reavers,,,,
,681,[Bounty]: Choppers!,,,,
,682,[Bounty]: Cold Blood,,,,
,683,[Bounty]: Guard Duty,,,,
,684,[Bounty]: Strange Times,,,,
,685,[Bounty]: Got a Crush,,,,
,686,[Bounty]: Massive Troll,,,,
,687,[Bounty]: Ramping Up,,,,
,688,[Bounty]: Feral Frenzy,,,,
,689,[Bounty]: Wall of Hate,,,,
,690,[Bounty]: Skulls,,,,
,691,[Bounty]: Bold Division,,,,
,692,[Bounty]: Hounded Down,,,,
,693,[Bounty]: Fired Up,,,,
,694,[Bounty]: Clairvoyance Clash,,,,
,695,[Bounty]: Treasure Hunter,,,,
,696,[Bounty]: Captain of the Guard,,,,
,697,[Bounty]: Last Stand,,,,
,698,[Bounty]: Blade Dancer,,,,
,699,[Bounty]: Rise and Fall,,,,
,700,[Bounty]: Hulk Smash,,,,
,701,[Bounty]: Dead Red Redemption,,,,
,702,[Bounty]: Message Scent,,,,
,703,[Bounty]: Hulking Shadow,,,,
,704,[Bounty]: Wyrming It Out,,,,
,705,[Bounty]: Rank Diet,,,,
,706,[Bounty]: Reddy and Willing,,,,
,707,[Bounty]: Into the Pit,,,,
,708,[Bounty]: Nesting Eggs,,,,
,709,[Bounty]: Fine Warding,,,,
,710,[Bounty]: Drudge Grudge,,,,
,711,[Bounty]: Bronze Standard,,,,
,712,[Bounty]: A Room with a View,,,,
,713,[Bounty]: Callous Kill,,,,
,714,[Bounty]: Vanquished Veterans,,,,
,715,[Bounty]: Four Fold,,,,
,716,[Bounty]: Impish Behaviour,,,,
,717,[Bounty]: Tower Terror,,,,
,718,[Bounty]: In the Sauce,,,,
,719,[Bounty]: Call Back,,,,
,720,[Bounty]: Summoning Call,,,,
,721,[Bounty]: Bronzed Body,,,,
,722,[Bounty]: Bad Practice,,,,
,723,[Bounty]: Paths of Glory,,,,
,724,[Bounty]: Blood Oath,,,,
,725,[Bounty]: Call of Duty,,,,
,726,[Bounty]: Stupid Chants,,,,
,727,[Bounty]: Road to Nowhere,,,,
,728,[Bounty]: Vault Raid,,,,
,729,[Bounty]: Eye Aye,,,,
,730,[Bounty]: Obscured Vision,,,,
,731,[Bounty]: Cold Hard Stare,,,,
,732,[Bounty]: Cold Steel,,,,
,733,[Bounty]: Vicious Glance,,,,
,734,[Bounty]: Sniping Spot,,,,
,735,[Bounty]: Shadow Dancing,,,,
,736,[Bounty]: Learning Curve,,,,
,737,[Bounty]: Glazing Over,,,,
,738,[Bounty]: End of Gaze,,,,
,739,[Bounty]: Share the Pain,,,,
,740,[Bounty]: Arms and Armour,,,,
,741,[Bounty]: Crom's Shadow,,,,
,742,[Bounty]: Foresight Denied,,,,
,743,[Bounty]: The Fugitives,,,,
,744,[Bounty]: Enforced Slavery,,,,
,745,[Bounty]: Careless Whisper,,,,
,746,[Bounty]: Hex Files,,,,
,747,[Bounty]: Gaze or Glaze,,,,
,748,[Bounty]: Spy Hard,,,,
,749,[Bounty]: Break Hold,,,,
,750,Bounty Level 231,,,,
,751,Bounty Level 232,,,,
,752,Bounty Level 233,,,,
,753,Bounty Level 234,,,,
,754,Bounty Level 235,,,,
,755,Bounty Level 236,,,,
,756,Bounty Level 237,,,,
,757,Bounty Level 238,,,,
,758,Bounty Level 239,,,,
,759,Bounty Level 240,,,,
,760,Bounty Level 241,,,,
,761,Bounty Level 242,,,,
,762,Bounty Level 243,,,,
,763,Bounty Level 244,,,,
,764,Bounty Level 245,,,,
,765,Bounty Level 246,,,,
,766,Bounty Level 247,,,,
,767,Bounty Level 248,,,,
,768,Bounty Level 249,,,,
,769,Bounty Level 250,,,,
,770,Stag Mask Quest One No Repeat,,,,
,771,Stag Mask Quest Two No Repeat,,,,
,772,Stag Mask Quest Three No Repeat,,,,
,773,Stag Mask Quest One Repeatable,,,,
,774,Stag Mask Quest Two Repeatable,,,,
,775,Stag Mask Quest Three Repeatable,,,,
,776,The Fires of War,,,,
,777,[Elite Bounty]: Coast Prowler,,,,
,778,[Elite Bounty]: On the Prowl,,,,
,779,[Elite Bounty]: Too Many Cooks,,,,
,780,[Elite Bounty]: Big Bad Wolves,,,,
,781,[Elite Bounty]: Castle Crushers,,,,
,782,[Elite Bounty]: Cast Away,,,,
,783,[Elite Bounty]: Royal Feud,,,,
,784,[Elite Bounty]: Vicious Vandal,,,,
,785,[Elite Bounty]: Storm in a Flagon,,,,
,786,[Elite Bounty]: Beyond the Grave,,,,
,787,[Elite Bounty]: Test the Resolve,,,,
,788,[Elite Bounty]: Night Knight,,,,
,789,[Elite Bounty]: Swift Justice,,,,
,790,[Elite Bounty]: Ratted Out,,,,
,791,[Elite Bounty]: Out to Bat,,,,
,792,[Elite Bounty]: Dire Measures,,,,
,793,[Elite Bounty]: Feral Bite,,,,
,794,[Elite Bounty]: Rat-a-tat-tat,,,,
,795,[Elite Bounty]: Lordly Troubles,,,,
,796,[Elite Bounty]: Hogging Away,,,,
,797,[Elite Bounty]: Dancing Away,,,,
,798,[Elite Bounty]: Devil Dance,,,,
,799,[Elite Bounty]: Teeth in the Night,,,,
,800,[Elite Bounty]: Fright Night,,,,
,801,[Elite Bounty]: Murky Misery,,,,
,802,[Elite Bounty]: Stormy Seas,,,,
,803,[Elite Bounty]: Dark Conspiracy,,,,
,804,[Elite Bounty]: Vile Sight,,,,
,805,[Elite Bounty]: Bodysnatchers,,,,
,806,[Elite Bounty]: Hide and Seek,,,,
,807,[Elite Bounty]: In the Mix,,,,
,808,[Elite Bounty]: Sharp Eyes,,,,
,809,[Elite Bounty]: Dreadful Danger,,,,
,810,[Elite Bounty]: Amonst the Trees,,,,
,811,[Elite Bounty]: Right to Life,,,,
,812,[Elite Bounty]: Ready or Not,,,,
,813,[Elite Bounty]: Sink or Swim,,,,
,814,[Elite Bounty]: Wood and Trees,,,,
,815,[Elite Bounty]: Phantom Night,,,,
,816,[Elite Bounty]: Fright Night,,,,
,817,[Elite Bounty]: Dark Influences,,,,
,818,[Elite Bounty]: This and That,,,,
,819,[Elite Bounty]: Rumbling Under,,,,
,820,[Elite Bounty]: Rinse and Repeat,,,,
,821,[Elite Bounty]: Flame Fists,,,,
,822,[Elite Bounty]: Blade Storm,,,,
,823,[Elite Bounty]: Weapons of War,,,,
,824,[Elite Bounty]: Stray Arrows,,,,
,825,[Elite Bounty]: Breaking Ranks,,,,
,826,[Elite Bounty]: Hold the Door,,,,
,827,[Elite Bounty]: On Lookout,,,,
,828,[Elite Bounty]: Snowed In,,,,
,829,[Elite Bounty]: Dishing the Dirt,,,,
,830,[Elite Bounty]: The Mission,,,,
,831,[Elite Bounty]: You Brute!,,,,
,832,[Elite Bounty]: The Elder Rolls,,,,
,833,[Elite Bounty]: Black and Blue,,,,
,834,[Elite Bounty]: Shock Tactics,,,,
,835,[Elite Bounty]: Closing the Maul,,,,
,836,[Elite Bounty]: Hard Fall,,,,
,837,[Elite Bounty]: I am the Lore,,,,
,838,[Elite Bounty]: Deep Down,,,,
,839,[Elite Bounty]: Delta Force,,,,
,840,[Elite Bounty]: Servitude,,,,
,841,[Elite Bounty]: Secret Stash,,,,
,842,[Elite Bounty]: On the Ward,,,,
,843,[Elite Bounty]: Mixing Desk,,,,
,844,[Elite Bounty]: Adept Desires,,,,
,845,[Elite Bounty]: Under my Thumb,,,,
,846,[Elite Bounty]: Aghast!,,,,
,847,[Elite Bounty]: Steely Exterior,,,,
,848,[Elite Bounty]: Soul Music,,,,
,849,[Elite Bounty]: Interrogation,,,,
,850,[Elite Bounty]: Oppressive Times,,,,
,851,[Elite Bounty]: Bloody Steel,,,,
,852,[Elite Bounty]: Deadly Words,,,,
,853,[Elite Bounty]: No Future,,,,
,1300,A Hero Rises SPLIT TEST 1,,,,
,1301,The Lighthouse,,,,
,1302,The Flamebringers,,,,
,1303,The Fires of War OLD2,,,,
,1304,To the Mainland,,,,
,1305,Defeat the Enemy,,,,
,1306,Wolf Trouble,,,,
,1307,Reveller's Diadem of Ice,,,,
,1308,Adventurer's Diadem of Ice,,,,
,1309,Scholar's Diadem of Ice,,,,
,1310,Courtier's Diadem of Ice,,,,
,1311,Magister's Diadem of Ice,,,,
,1312,Noble's Diadem of Ice,,,,
,1313,Lord's Diadem of Ice,,,,
,1314,Prince's Diadem of Ice,,,,
,1315,Queen's Diadem of Ice,,,,
,1316,King's Diadem of Ice,,,,
,1317,Reveller's Diadem of Ice,,,,
,1318,Adventurer's Diadem of Ice,,,,
,1319,Scholar's Diadem of Ice,,,,
,1320,Courtier's Diadem of Ice,,,,
,1321,Magister's Diadem of Ice,,,,
,1322,Noble's Diadem of Ice,,,,
,1323,Lord's Diadem of Ice,,,,
,1324,Prince's Diadem of Ice,,,,
,1325,Queen's Diadem of Ice,,,,
,1326,King's Diadem of Ice,,,,
,1327,Winter Crafts,,,,
,1328,Winter Crafts,,,,
,1329,Winter Crafts,,,,
,1330,Winter Crafts,,,,
,1331,Winter Crafts,,,,
,1332,Making a Masterpiece,,,,
,1333,Making a Masterpiece,,,,
,1334,Making a Masterpiece,,,,
,1335,Making a Masterpiece,,,,
,1336,Making a Masterpiece,,,,
,1337,Winter Wolf Hunt,,,,
,1338,Winter Wyrm Hunt,,,,
,1339,Winter Wyvern Hunt,,,,
,1340,The Winter of Discontent,,,,
,1407,Steak Night,,,,
,1408,Aromatic Delights,,,,
,1409,Gaston's Goulash,,,,
,1410,A Spicy Surprise,,,,
,1411,Stag Party,,,,
,1412,Healing Herbs,,,,
,1413,The Chessmen,,,,
,1414,Clan Mathanach's Revenge,,,,
,1415,The Clan Torcs,,,,
,1416,The Clan Torcs,,,,
,1417,Flesh and Bone,,,,
,1418,Black Knight Rises,,,,
,1419,Flesh and Bone,,,,
,1420,Ancestors' Honour,,,,
,1421,Duskshadow Gloves,,,,
,1422,Duskshadow Shoes,,,,
,1423,Duskshadow Cowl,,,,
,1424,Duskshadow Leggings,,,,
,1425,Duskshadow Robe,,,,
,1426,Darkshadow Gloves,,,,
,1427,Darkshadow Boots,,,,
,1428,Darkshadow Hood,,,,
,1429,Darkshadow Breeches,,,,
,1430,Darkshadow Cuirass,,,,
,1431,Spiritshadow Gauntlets,,,,
,1432,Spiritshadow Boots,,,,
,1433,Spiritshadow Helm,,,,
,1434,Spiritshadow Greaves,,,,
,1435,Spiritshadow Breastplate,,,,
,1436,Uni-Versus,,,,
,1437,The Stag-gering Issue,,,,
,1438,A Thorny Problem,,,,
,1439,Red Nature Mask,,,,
,1440,Pink Nature Mask,,,,
,1441,Orange Nature Mask,,,,
,1442,Yellow Nature Mask,,,,
,1443,Green Nature Mask,,,,
,1444,Turquoise Nature Mask,,,,
,1445,Blue Nature Mask,,,,
,1446,Purple Nature Mask,,,,
,1447,Black Nature Mask,,,,
,1448,White Nature Mask,,,,
,1449,Red Nature Mask,,,,
,1450,Pink Nature Mask,,,,
,1451,Orange Nature Mask,,,,
,1452,Yellow Nature Mask,,,,
,1453,Green Nature Mask,,,,
,1454,Turquoise Nature Mask,,,,
,1455,Blue Nature Mask,,,,
,1456,Purple Nature Mask,,,,
,1457,Black Nature Mask,,,,
,1458,White Nature Mask,,,,
,1459,Bear With Me,,,,
,1460,Finding the Refugees,,,,
,1461,The Missing MacCroins,,,,
,1462,The Bloodgrove Ritual,,,,
,1463,Scallathrax's End,,,,
,1464,Vaarblad's End,,,,
,1465,Kurzan's End,,,,
,1466,Fearsome Fungus,,,,
,1467,Tokens of the Tithe,,,,
,1468,Remembering a Legend,,,,
,1469,A Sting in the Tail NEW,,,,
,1470,Buried Beneath the Earth,,,,
,1471,Confronting Grollob,,,,
,1472,Once Bitten...,,,,
,1473,Boggan Quest 1,,,,
,1474,Boggan Quest 2,,,,
,1475,Boggan Quest 3,,,,
,1476,Boggan Interim Quest 1,,,,
,1477,Boggan Quest 3A,,,,
,1478,Boggan Quest 4,,,,
,1479,Boggan Quest 5,,,,
,1480,Boggan Interim Quest 2,,,,
,1481,Boggan Quest 5A,,,,
,1482,Boggan Quest 6,,,,
,1483,Boggan Quest 7,,,,
,1484,Boggan Quest 7A,,,,
,1485,Unlocking the Vault,,,,
,1486,Firbolg Quest 1,,,,
,1487,Firbolg Quest 1A,,,,
,1488,Firbolg Quest 2,,,,
,1489,Firbolg Quest 2A,,,,
,1490,Firbolg Quest 3,,,,
,1491,Firbolg Quest 3A,,,,
,1492,Firbolg Interim Quest 1,,,,
,1493,Firbolg Quest 4,,,,
,1494,Firbolg Quest 4A,,,,
,1495,River Rats,,,,
,1496,Twisted Times,,,,
,1497,Lost in Translation,,,,
,1498,Bat out of Hell,,,,
,1499,Bearnecessities,,,,
,1500,PLACEHOLDER QUEST,,,,
,1501,PLACEHOLDER QUEST,,,,
,1502,PLACEHOLDER QUEST,,,,
,1503,PLACEHOLDER QUEST,,,,
,1504,PLACEHOLDER QUEST,,,,
,1505,PLACEHOLDER QUEST,,,,
,1506,PLACEHOLDER QUEST,,,,
,1507,PLACEHOLDER QUEST,,,,
,1508,PLACEHOLDER QUEST,,,,
,1509,PLACEHOLDER QUEST,,,,
,1510,PLACEHOLDER QUEST,,,,
,1511,PLACEHOLDER QUEST,,,,
,1512,PLACEHOLDER QUEST,,,,
,1513,PLACEHOLDER QUEST,,,,
,1514,PLACEHOLDER QUEST,,,,
,1515,PLACEHOLDER QUEST,,,,
,1516,PLACEHOLDER QUEST,,,,
,1517,PLACEHOLDER QUEST,,,,
,1518,PLACEHOLDER QUEST,,,,
,1519,PLACEHOLDER QUEST,,,,
,1520,PLACEHOLDER QUEST,,,,
,1521,PLACEHOLDER QUEST,,,,
,1522,PLACEHOLDER QUEST,,,,
,1523,PLACEHOLDER QUEST,,,,
,1524,PLACEHOLDER QUEST,,,,
,1525,PLACEHOLDER QUEST,,,,
,1526,PLACEHOLDER QUEST,,,,
,1527,PLACEHOLDER QUEST,,,,
,1528,PLACEHOLDER QUEST,,,,
,1529,PLACEHOLDER QUEST,,,,
,1530,PLACEHOLDER QUEST,,,,
,1531,PLACEHOLDER QUEST,,,,
,1532,PLACEHOLDER QUEST,,,,
,1533,PLACEHOLDER QUEST,,,,
,1534,PLACEHOLDER QUEST,,,,
,1535,PLACEHOLDER QUEST,,,,
,1536,PLACEHOLDER QUEST,,,,
,1537,PLACEHOLDER QUEST,,,,
,1538,PLACEHOLDER QUEST,,,,
,1539,PLACEHOLDER QUEST,,,,
,1540,PLACEHOLDER QUEST,,,,
,1541,PLACEHOLDER QUEST,,,,
,1542,PLACEHOLDER QUEST,,,,
,1543,PLACEHOLDER QUEST,,,,
,1544,PLACEHOLDER QUEST,,,,
,1545,PLACEHOLDER QUEST,,,,
,1546,PLACEHOLDER QUEST,,,,
,1547,PLACEHOLDER QUEST,,,,
,1548,PLACEHOLDER QUEST,,,,
,1549,PLACEHOLDER QUEST,,,,
,1550,PLACEHOLDER QUEST,,,,
,1551,PLACEHOLDER QUEST,,,,
,1552,PLACEHOLDER QUEST,,,,
,1553,PLACEHOLDER QUEST,,,,
,1554,PLACEHOLDER QUEST,,,,
,1555,PLACEHOLDER QUEST,,,,
,1556,PLACEHOLDER QUEST,,,,
,1557,PLACEHOLDER QUEST,,,,
,1558,PLACEHOLDER QUEST,,,,
,1559,PLACEHOLDER QUEST,,,,
,1560,PLACEHOLDER QUEST,,,,
,1561,PLACEHOLDER QUEST,,,,
,1562,PLACEHOLDER QUEST,,,,
,1563,PLACEHOLDER QUEST,,,,
,1564,PLACEHOLDER QUEST,,,,
,1565,PLACEHOLDER QUEST,,,,
,1566,PLACEHOLDER QUEST,,,,
,1567,PLACEHOLDER QUEST,,,,
,1568,PLACEHOLDER QUEST,,,,
,1569,PLACEHOLDER QUEST,,,,
,1570,PLACEHOLDER QUEST,,,,
,1571,PLACEHOLDER QUEST,,,,
,1572,PLACEHOLDER QUEST,,,,
,1573,PLACEHOLDER QUEST,,,,
,1574,PLACEHOLDER QUEST,,,,
,1575,PLACEHOLDER QUEST,,,,
,1576,PLACEHOLDER QUEST,,,,
,1577,PLACEHOLDER QUEST,,,,
,1578,PLACEHOLDER QUEST,,,,
,1579,PLACEHOLDER QUEST,,,,
,1580,PLACEHOLDER QUEST,,,,
,1581,PLACEHOLDER QUEST,,,,
,1582,PLACEHOLDER QUEST,,,,
,1583,PLACEHOLDER QUEST,,,,
,1584,PLACEHOLDER QUEST,,,,
,1585,PLACEHOLDER QUEST,,,,
,1586,PLACEHOLDER QUEST,,,,
,1587,PLACEHOLDER QUEST,,,,
,1588,PLACEHOLDER QUEST,,,,
,1589,PLACEHOLDER QUEST,,,,
,1590,PLACEHOLDER QUEST,,,,
,1591,PLACEHOLDER QUEST,,,,
,1592,PLACEHOLDER QUEST,,,,
,1593,PLACEHOLDER QUEST,,,,
,1594,PLACEHOLDER QUEST,,,,
,1595,PLACEHOLDER QUEST,,,,
,1596,PLACEHOLDER QUEST,,,,
,1597,PLACEHOLDER QUEST,,,,
,1598,PLACEHOLDER QUEST,,,,
,1599,PLACEHOLDER QUEST,,,,
,1600,Spider Lord Corash,,,,
,1601,Spider Lord Ronax,,,,
,1602,Spider Lord Arachnus,,,,
,1603,Red Wayfarer's Headdress,,,,
,1604,Pink Wayfarer's Headdress,,,,
,1605,Orange Wayfarer's Headdress,,,,
,1606,Yellow Wayfarer's Headdress,,,,
,1607,Green Wayfarer's Headdress,,,,
,1608,Turquoise Wayfarer's Headdress,,,,
,1609,Blue Wayfarer's Headdress,,,,
,1610,Purple Wayfarer's Headdress,,,,
,1611,Black Wayfarer's Headdress,,,,
,1612,White Wayfarer's Headdress,,,,
,1613,Red Wayfarer's Headdress,,,,
,1614,Pink Wayfarer's Headdress,,,,
,1615,Orange Wayfarer's Headdress,,,,
,1616,Yellow Wayfarer's Headdress,,,,
,1617,Green Wayfarer's Headdress,,,,
,1618,Turquoise Wayfarer's Headdress,,,,
,1619,Blue Wayfarer's Headdress,,,,
,1620,Purple Wayfarer's Headdress,,,,
,1621,Black Wayfarer's Headdress,,,,
,1622,White Wayfarer's Headdress,,,,
,1623,Preventing a Plague,,,,
,1624,Ending an Epidemic,,,,
,1625,Curtailing a Contagion,,,,
,1626,PLACEHOLDER QUEST,,,,
,1627,PLACEHOLDER QUEST,,,,
,1628,PLACEHOLDER QUEST,,,,
,1629,PLACEHOLDER QUEST,,,,
,1630,PLACEHOLDER QUEST,,,,
,1631,PLACEHOLDER QUEST,,,,
,1632,PLACEHOLDER QUEST,,,,
,1633,PLACEHOLDER QUEST,,,,
,1634,PLACEHOLDER QUEST,,,,
,1635,PLACEHOLDER QUEST,,,,
,1636,PLACEHOLDER QUEST,,,,
,1637,PLACEHOLDER QUEST,,,,
,1638,PLACEHOLDER QUEST,,,,
,1639,PLACEHOLDER QUEST,,,,
,1640,PLACEHOLDER QUEST,,,,
,1641,PLACEHOLDER QUEST,,,,
,1642,PLACEHOLDER QUEST,,,,
,1643,PLACEHOLDER QUEST,,,,
,1644,PLACEHOLDER QUEST,,,,
,1645,PLACEHOLDER QUEST,,,,
,1646,PLACEHOLDER QUEST,,,,
,1647,PLACEHOLDER QUEST,,,,
,1648,PLACEHOLDER QUEST,,,,
,1649,PLACEHOLDER QUEST,,,,
,1650,Red Eagle Crest,,,,
,1651,Pink Eagle Crest,,,,
,1652,Orange Eagle Crest,,,,
,1653,Yellow Eagle Crest,,,,
,1654,Green Eagle Crest,,,,
,1655,Turquoise Eagle Crest,,,,
,1656,Blue Eagle Crest,,,,
,1657,Purple Eagle Crest,,,,
,1658,Black Eagle Crest,,,,
,1659,White Eagle Crest,,,,
,1660,Red Eagle Crest,,,,
,1661,Pink Eagle Crest,,,,
,1662,Orange Eagle Crest,,,,
,1663,Yellow Eagle Crest,,,,
,1664,Green Eagle Crest,,,,
,1665,Turquoise Eagle Crest,,,,
,1666,Blue Eagle Crest,,,,
,1667,Purple Eagle Crest,,,,
,1668,Black Eagle Crest,,,,
,1669,White Eagle Crest,,,,
,1670,Blood Money,,,,
,1671,The Frozen Scriptures,,,,
,1672,Warlords of the Ice,,,,
,1673,A Touch of Frost,,,,
,1674,Exalted Dragonlord Gauntlets,,,,
,1675,Exalted Dragonlord Wristguards,,,,
,1676,Exalted Dragonlord Vambraces,,,,
,1677,Exalted Dragonlord Gloves,,,,
,1678,Exalted Dragonlord Handwraps,,,,
,1679,Exalted Dragonlord Boots,,,,
,1680,Exalted Dragonlord Sandals,,,,
,1681,Exalted Dragonlord Treads,,,,
,1682,Exalted Dragonlord Shoes,,,,
,1683,Exalted Dragonlord Footguards,,,,
,1684,Exalted Dragonlord Helm,,,,
,1685,Exalted Dragonlord Circlet,,,,
,1686,Exalted Dragonlord Hood,,,,
,1687,Exalted Dragonlord Hat,,,,
,1688,Exalted Dragonlord Cowl,,,,
,1689,Exalted Dragonlord Greaves,,,,
,1690,Exalted Dragonlord Leggings,,,,
,1691,Exalted Dragonlord Legguards,,,,
,1692,Exalted Dragonlord Skirt,,,,
,1693,Exalted Dragonlord Breeches,,,,
,1694,Exalted Dragonlord Breastplate,,,,
,1695,Exalted Dragonlord Robe,,,,
,1696,Exalted Dragonlord Cuirass,,,,
,1697,Exalted Dragonlord Gown,,,,
,1698,Exalted Dragonlord Jerkin,,,,
,1699,Exalted Dragonlord Sword,,,,
,1700,Exalted Dragonlord Totem,,,,
,1701,Exalted Dragonlord Bow,,,,
,1702,Exalted Dragonlord Wand,,,,
,1703,Exalted Dragonlord Dagger,,,,
,1704,Exalted Dragonlord Shield,,,,
,1705,Exalted Dragonlord Codex,,,,
,1706,Exalted Dragonlord Quiver,,,,
,1707,Exalted Dragonlord Grimoire,,,,
,1708,Exalted Dragonlord Rondel,,,,
,1709,The Gift of Branwen,,,,
,1710,Bloodclaw,,,,
,1711,Sergeant Brass,,,,
,1712,Artemis the Vain,,,,
,1713,The Fallen Kings,,,,
,1714,Captain Ironfist,,,,
,1715,Reduxor the Gaunt,,,,
,1716,Sentinel Theta,,,,
,1717,Thaumaturgic Lenses,,,,
,1718,Commander Steelheart,,,,
,1719,Grubspittle,,,,
,1720,Alcazzar the Insane,,,,
,1721,The Five Sorcerers,,,,
,1722,Erebon the Learned,,,,
,1723,Moonclaw,,,,
,1724,Terminus the Undying,,,,
,1725,The Lost Arrowheads,,,,
,1726,Mordibrax the Eternal,,,,
,1727,The Grand Orb,,,,
,1728,Sentinel Omicron,,,,
,1729,Alchemical Affairs: Hands,,,,
,1730,Alchemical Affairs: Feet,,,,
,1731,Alchemical Affairs: Helmet,,,,
,1732,Alchemical Affairs: Legs,,,,
,1733,Alchemical Affairs: Torso,,,,
,1734,Occultist Oddities: Hands,,,,
,1735,Occultist Oddities: Feet,,,,
,1736,Occultist Oddities: Helmet,,,,
,1737,Occultist Oddities: Legs,,,,
,1738,Occultist Oddities: Torso,,,,
,1739,Red Trappers Cap,,,,
,1740,Pink Trappers Cap,,,,
,1741,Orange Trappers Cap,,,,
,1742,Yellow Trappers Cap,,,,
,1743,Green Trappers Cap,,,,
,1744,Turquoise Trappers Cap,,,,
,1745,Blue Trappers Cap,,,,
,1746,Purple Trappers Cap,,,,
,1747,Black Trappers Cap,,,,
,1748,White Trappers Cap,,,,
,1749,Red Trappers Cap,,,,
,1750,Pink Trappers Cap,,,,
,1751,Orange Trappers Cap,,,,
,1752,Yellow Trappers Cap,,,,
,1753,Green Trappers Cap,,,,
,1754,Turquoise Trappers Cap,,,,
,1755,Blue Trappers Cap,,,,
,1756,Purple Trappers Cap,,,,
,1757,Black Trappers Cap,,,,
,1758,White Trappers Cap,,,,
,1759,Targets Marked,,,,
,1760,The Games Afoot,,,,
,1761,Hunter,,,,
,1762,Bloodclaw,,,,
,1763,Sergeant Brass,,,,
,1764,Artemis the Vain,,,,
,1765,Captain Ironfist,,,,
,1766,Reduxor the Gaunt,,,,
,1767,Sentinel Theta,,,,
,1768,Commander Steelheart,,,,
,1769,Grubspittle,,,,
,1770,Alcazzar the Insane,,,,
,1771,Erebon the Learned,,,,
,1772,Moonclaw,,,,
,1773,Terminus the Undying,,,,
,1774,Mordibrax the Eternal,,,,
,1775,The Grand Orb,,,,
,1776,Sentinel Omicron,,,,
,1777,DO NOT USE,,,,
,1778,In the Name of the Woes,,,,
,1779,Hearts of Darkness,,,,
,1780,Smash and Grab,,,,
,1781,Dirty Hands,,,,
,1782,The Horrible Truth,,,,
,1783,Mark's TEST,,,,
,1784,Mark's TEST 2,,,,
,1786,Red Sage's Visage,,,,
,1787,Pink Sage's Visage,,,,
,1788,Orange Sage's Visage,,,,
,1789,Yellow Sage's Visage,,,,
,1790,Green Sage's Visage,,,,
,1791,Turquoise Sage's Visage,,,,
,1792,Blue Sage's Visage,,,,
,1793,Purple Sage's Visage,,,,
,1794,Black Sage's Visage,,,,
,1795,White Sage's Visage,,,,
,1796,Red Sage's Visage,,,,
,1797,Pink Sage's Visage,,,,
,1798,Orange Sage's Visage,,,,
,1799,Yellow Sage's Visage,,,,
,1800,Green Sage's Visage,,,,
,1801,Turquoise Sage's Visage,,,,
,1802,Blue Sage's Visage,,,,
,1803,Purple Sage's Visage,,,,
,1804,Black Sage's Visage,,,,
,1805,White Sage's Visage,,,,
,1806,CT The Curse,,,,
,1807,CT Enter the Hero,,,,
,1808,CT The Flamebringers,,,,
,1809,CT The Fires of War,,,,
,1810,CT Healing Herbs,,,,
,1811,CT The Crossroads Guard,,,,
,1812,CT Farcrag Castle,,,,
,1813,CT Flying Killers,,,,
,1814,CT Jill's Herd,,,,
,1815,CT On the Prowl,,,,
,1816,CT Chicken Hunt,,,,
,1817,CT The Assassins,,,,
,1818,CT Meditation,,,,
,1819,CT Mushroom Picking,,,,
,1820,CT The White Stag,,,,
,1821,CT Watchers,,,,
,1822,CT Sergeant Grumpshot,,,,
,1823,CT The Druids of Belenus,,,,
,1824,CT Druid Blessing,,,,
,1825,CT Mugworts,,,,
,1826,CT Picking Thyme,,,,
,1827,CT Studying the Stones,,,,
,1828,CT A Romantic Engagement,,,,
,1829,CT Making an Entrance,,,,
,1830,CT Taunt,,,,
,1831,CT Grasping Roots,,,,
,1832,CT Light Heal,,,,
,1833,CT Lure of Fire,,,,
,1834,CT Poison Weapon,,,,
,1835,CT The Man in Black,,,,
,1836,CT The Seer,,,,
,1837,CT Reconnaisance Mission,,,,
,1838,CT Connacht Scouts,,,,
,1839,CT The Eastern Dock,,,,
,1840,CT The Bandit Camp,,,,
,1841,CT Grave Misbehaviour,,,,
,1842,CT Recuperate,,,,
,1843,CT The Skullcrushers,,,,
,1844,CT The Jotuns,,,,
,1845,CT Frenzy,,,,
,1846,CT Shield of Bark,,,,
,1847,CT Bolas,,,,
,1848,CT Energy Boost,,,,
,1849,CT Fast Reflexes,,,,
,1850,CT The Scryers,,,,
,1851,CT Hagvar the Hairy,,,,
,1852,CT Back to Highshore,,,,
,1853,CT A Secret Message,,,,
,1854,CT Warden Vinda,,,,
,1855,CT Astral Helm,,,,
,1856,CT Cosmic Cowl,,,,
,1857,CT Lunar Hood,,,,
,1858,CT Zodiac Hood,,,,
,1859,CT Warden Eanan,,,,
,1860,CT Astral Greaves,,,,
,1861,CT Cosmic Leggings,,,,
,1862,CT Lunar Greaves,,,,
,1863,CT Celestial Skirt,,,,
,1864,CT Zodiac Breeches,,,,
,1865,CT Warden Griga,,,,
,1866,CT Astral Breastplate,,,,
,1867,CT Cosmic Robe,,,,
,1868,CT Lunar Cuirass,,,,
,1869,CT Celestial Gown,,,,
,1870,CT Zodiac Jerkin,,,,
,1871,CT Warden Oisin,,,,
,1872,CT Warden Rhallai,,,,
,1873,CT Astral Boots,,,,
,1874,CT Cosmic Sandals,,,,
,1875,CT Lunar Boots,,,,
,1876,CT Celestial Shoes,,,,
,1877,CT Zodiac Boots,,,,
,1878,CT Warden Brixos,,,,
,1879,CT Astral Gauntlets,,,,
,1880,CT Cosmic Gloves,,,,
,1881,CT Lunar Gauntlets,,,,
,1882,CT Celestial Gloves,,,,
,1883,CT Zodiac Gloves,,,,
,1884,CT Enchanted,,,,
,1885,CT The Graveyard Shift,,,,
,1886,CT Isle of Booty,,,,
,1887,CT The Sea Chart,,,,
,1888,CT The Wardens of Dal Riata,,,,
,1889,CT Celestial Cowl,,,,
,1891,CT The Grand Tour,,,,
,1892,CT Lord MacLir,,,,
,1893,CT Storm Touch,,,,
,1894,CT Cold as Ice,,,,
,1895,CT Blair's Bows,,,,
,1896,CT The First Key Piece,,,,
,1897,CT The Second Key Piece,,,,
,1898,CT The Third Key Piece,,,,
,1899,CT The Fourth Key Piece,,,,
,1900,CT The Fifth Key Piece,,,,
,1901,CT The Sixth Key Piece,,,,
,1902,CT The Seventh Key Piece,,,,
,1903,CT The Lost Artifacts,,,,
,1904,CT Scraps for Bogan,,,,
,1905,CT Assassinate,,,,
,1906,CT Hide and Sneaky Attack,,,,
,1907,CT A Plague of Mice,,,,
,1908,CT The Dunskeig Sewers,,,,
,1909,CT To Fingal's Cave,,,,
,1910,CT The Fianna,,,,
,1911,CT Ice Shards,,,,
,1912,CT Rapid Shot,,,,
,1913,CT Natures Touch,,,,
,1914,CT Protective Stance,,,,
,1915,CT Freeze,,,,
,1916,CT The Road to Crookback,,,,
,1917,CT Victory March,,,,
,1918,CT Shalemont,,,,
,1919,CT Sweeping Blow,,,,
,1920,CT Entangle,,,,
,1921,[Beltane Bounty]: Force of Nature,,,,
,1922,[Beltane Bounty]: Summer Sun,,,,
,1923,[Beltane Bounty]: Stag Do,,,,
,1924,[Beltane Bounty]: Antler Attack,,,,
,1925,[Beltane Bounty]: Blooming Crazy,,,,
,1926,[Beltane Bounty]: Versus Venison,,,,
,1927,[Beltane Bounty]: Herd of Evil,,,,
,1928,[Beltane Bounty]: Beltane Bloom,,,,
,1929,[Beltane Bounty]: Deer oh Deer,,,,
,1930,[Beltane Bounty]: Saving Summer,,,,
,1931,[Beltane Bounty]: Sunfire Supply,,,,
,1932,[Beltane Bounty]: Rockhide Rage,,,,
,1933,[Beltane Bounty]: Vale of Peril,,,,
,1934,[Beltane Bounty]: Beltane Beauty,,,,
,1935,[Beltane Bounty]: Magical Menace,,,,
,1936,[Beltane Bounty]: Gathering Evil,,,,
,1937,[Beltane Bounty]: Flaming Petals,,,,
,1938,[Beltane Bounty]: The Hunt is on,,,,
,1939,[Beltane Bounty]: Join the fight,,,,
,1940,[Beltane Bounty]: Flowering Flame,,,,
,1941,[Beltane Bounty]: Catch them all,,,,
,1942,[Beltane Bounty]: Hunting Horn,,,,
,1943,[Beltane Bounty]: Empyrean Skies,,,,
,1944,[Beltane Bounty]: Snare a Unicorn,,,,
,1945,[Beltane Bounty]: Catch the Beast,,,,
,1946,[Beltane Bounty]: Skyforth Sojurn,,,,
,1947,[Beltane Bounty]: Faerie Mischief,,,,
,1948,[Beltane Bounty]: Toxic Caves,,,,
,1949,[Beltane Bounty]: Buried Beneath,,,,
,1950,[Beltane Bounty]: Tiny Terrors,,,,
,1951,[Beltane Bounty]: Save the Cave,,,,
,1952,[Beltane Bounty]: In Bloom,,,,
,1953,[Beltane Bounty]: Clense the Cave,,,,
,1954,[Beltane Bounty]: Fight or Flight,,,,
,1955,[Beltane Bounty]: Flowering Skies,,,,
,1956,[Beltane Bounty]: Tainted Tunnels,,,,
,1957,[Beltane Bounty]: Summer Scourge,,,,
,1958,[Beltane Bounty]: Sylvan Bounty,,,,
,1959,[Beltane Bounty]: Scary Faerie,,,,
,1960,[Beltane Bounty]: Contamination,,,,
,1961,[Beltane Bounty]: Winding Tunnels,,,,
,1962,[Beltane Bounty]: Summer Saviour,,,,
,1963,[Beltane Bounty]: Fingal Faeries,,,,
,1964,[Beltane Bounty]: Garden Gripes,,,,
,1965,[Beltane Bounty]: Slash and Burn,,,,
,1966,[Beltane Bounty]: Wooden Warriors,,,,
,1967,[Beltane Bounty]: Natural Order,,,,
,1968,[Beltane Bounty]: Gathering Dark,,,,
,1969,[Beltane Bounty]: Tree Huggers,,,,
,1970,[Beltane Bounty]: Dark Side,,,,
,1971,[Beltane Bounty]: Force of Nature,,,,
,1972,[Beltane Bounty]: Treevenge,,,,
,1973,[Beltane Bounty]: Moonfrost Magic,,,,
,1974,[Beltane Bounty]: Hack and Slash,,,,
,1975,[Beltane Bounty]: Otherworldly,,,,
,1976,[Beltane Bounty]: Lunar Bloomer,,,,
,1977,[Beltane Bounty]: Natural Balance,,,,
,1978,[Beltane Bounty]: Bountiful Bough,,,,
,1979,[Beltane Bounty]: Myriad Moons,,,,
,1980,[Beltane Bounty]: The Tree of Us,,,,
,1981,[Beltane Bounty]: Power Outage,,,,
,1982,[Beltane Bounty]: Frosted Flowers,,,,
,1983,[Beltane Bounty]: Nature's Bounty,,,,
,1984,[Beltane Bounty]: Entree Level,,,,
,1985,[Beltane Bounty]: Ice Moon Rising,,,,
,1986,[Beltane Bounty]: Beltane Bliss,,,,
,1987,[Beltane Bounty]: Two,,,,
,1988,[Beltane Bounty]: Flowering Frost,,,,
,1989,[Beltane Bounty]: Wandering Woods,,,,
,1990,Sage's Shillelagh,,,,
,1991,Shillelagh of Brath,,,,
,1992,Hunter's Pledge,,,,
,1993,Pledge Again,,,,
,1994,Sage's Shillelagh,,,,
,1995,[Beltane Bounty]: Tree's Company,,,,
,1996,[Beltane Bounty]: Flowering Foray,,,,
,1997,[Bounty]: Druids Brew,,,,
,1998,[Bounty]: Tea Time,,,,
,1999,[Bounty]: Poison Potion,,,,
,2000,[Bounty]: Draught of Power,,,,
,2001,[Bounty]: Medical Mixture,,,,
,2002,[Bounty]: Soothing Balm,,,,
,2003,[Bounty]: Poultice of Poison,,,,
,2004,[Bounty]: Secret Formula,,,,
,2005,[Bounty]: Magic Draught,,,,
,2006,[Bounty]: Find a Fungus,,,,
,2007,[Bounty]: Hidden Power,,,,
,2008,[Bounty]: Trouble's Brewing,,,,
,2009,[Bounty]: Chesty Problem,,,,
,2010,[Bounty]: Crack it Open,,,,
,2011,[Bounty]: Smash It Up,,,,
,2012,[Bounty]: Broken Promise,,,,
,2013,[Bounty]: Scrolls of Delight,,,,
,2014,[Bounty]: Paper Mache,,,,
,2015,[Bounty]: Casket Case,,,,
,2016,[Bounty]: Blank Page,,,,
,2017,[Bounty]: Unusual Booty,,,,
,2018,[Bounty]: Forbidden Treasure,,,,
,2019,[Bounty]: Powerful Plunder,,,,
,2020,[Bounty]: Dark Scrolls,,,,
,2021,[Bounty]: Ascension,,,,
,2022,[Bounty]: Peeling Pages,,,,
,2023,[Bounty]: Secret Tomes,,,,
,2024,[Bounty]: Darkest Magic,,,,
,2025,[Bounty]: Everything's Forbidden,,,,
,2026,[Bounty]: Casket Cache,,,,
,2027,[Bounty]: Shield your Eyes,,,,
,2028,[Bounty]: Smash and Grab,,,,
,2029,[Bounty]: Hidden Treasure,,,,
,2030,[Bounty]: Rags to Riches,,,,
,2031,[Bounty]: Contain the Madness,,,,
,2032,[Bounty]: For Your Eyes Only,,,,
,2033,[Bounty]: Plunder the Tower,,,,
,2034,[Bounty]: Donâ€™t Peek,,,,
,2035,[Bounty]: Running Low,,,,
,2036,[Bounty]: It is Forbidden,,,,
,2037,[Bounty]: Pages of Power,,,,
,2038,[Bounty]: Despair Ye Not,,,,
,2039,[Bounty]: Bridge Scrolls,,,,
,2040,[Bounty]: A Chest in Time,,,,
,2041,[Bounty]: Paper Folding,,,,
,2042,[Bounty]: I Despair,,,,
,2043,[Bounty]: Box of Despair,,,,
,2044,[Bounty}: Chest Raid,,,,
,2045,[Bounty]: Scroll on Down,,,,
,2046,[Bounty]: Just a Crack,,,,
,2047,[Bounty]: Hidden Secrets,,,,
,2048,[Bounty]: The Fallen,,,,
,2049,[Bounty]: Fight Night,,,,
,2050,[Bounty]: Military Might,,,,
,2051,[Bounty]: Infernal Agent,,,,
,2052,[Bounty]: Test of Force,,,,
,2053,[Bounty]: New Styles,,,,
,2054,[Bounty]: Aces High,,,,
,2055,[Bounty]: Red Alert,,,,
,2056,[Bounty]: Charge!,,,,
,2057,[Bounty]: Power Up,,,,
,2058,[Bounty]: Alchemical Secrets,,,,
,2059,[Bounty]: Precious Metals,,,,
,2060,[Bounty]: Transmutation,,,,
,2061,[Bounty]: Golden Scrolls,,,,
,2062,[Bounty]: Steely Scrolls,,,,
,2063,[Bounty]: Locked Treasure,,,,
,2064,[Bounty]: Searching for Scrolls,,,,
,2065,[Bounty]: My Precious,,,,
,2066,[Bounty]: Precious Pages,,,,
,2067,[Bounty]: Hidden Riches,,,,
,2068,[Bounty]: Scroll Up!,,,,
,2069,[Bounty]: Summon me no More,,,,
,2070,Eye for a Deal,,,,
,2071,Eye See New Possibilities,,,,
,2072,Eye Run,,,,
,2073,Eye See the Spirits,,,,
,2074,Eye Cannae Take Much More,,,,
,2075,Eye Triumph,,,,
,2076,[Samhain Bounty]: Eye Eye Captain,,,,
,2077,[Samhain Bounty]: Harvest Time!,,,,
,2078,[Samhain Bounty]: Breaking Bones,,,,
,2079,[Samhain Bounty]: Eye Spy,,,,
,2080,[Samhain Bounty]: Pumpkin Party,,,,
,2081,[Samhain Bounty]: Blood Magic,,,,
,2082,[Samhain Bounty]: Glassy Stare,,,,
,2083,[Samhain Bounty]: Chef's Delight,,,,
,2084,[Samhain Bounty]: Hidden Secrets,,,,
,2085,[Samhain Bounty]: Dem Bones,,,,
,2086,[Samhain Bounty]: Piquant Party,,,,
,2087,[Samhain Bounty]: Samhain Safety,,,,
,2088,[Samhain Bounty]: Eye of Donn,,,,
,2089,[Samhain Bounty]: Pretty Pumpkin,,,,
,2090,[Samhain Bounty]: Break the Wall,,,,
,2091,[Samhain Bounty]: These old Bones,,,,
,2092,[Samhain Bounty]: Rotten Veg,,,,
,2093,[Samhain Bounty]: Donn's Downfall,,,,
,2094,[Samhain Bounty]: Skull and Bones,,,,
,2095,[Samhain Bounty]: Pumpkin Potion,,,,
,2096,[Samhain Bounty]: How Perceptive,,,,
,2097,[Samhain Bounty]: Bones to Dust,,,,
,2098,[Samhain Bounty]: Eat Your Greens,,,,
,2099,[Samhain Bounty]: Save Samhain,,,,
,2100,[Samhain Bounty]: Hollow Bones,,,,
,2101,[Samhain Bounty]: Pumpkin Pie,,,,
,2102,[Samhain Bounty]: Eye Peeled,,,,
,2103,[Samhain Bounty]: Bone to Pick,,,,
,2104,[Samhain Bounty]: Seedy Situation,,,,
,2105,[Samhain Bounty]: Lieutenant Loot,,,,
,2106,[Samhain Bounty]: Spare Ribs,,,,
,2107,[Samhain Bounty]: Pick a Pumpkin,,,,
,2108,[Samhain Bounty]: Collectorama,,,,
,2109,[Samhain Bounty]: Caught my Eye,,,,
,2110,[Samhain Bounty]: Delectable Dish,,,,
,2111,[Samhain Bounty]: Resisting Donn,,,,
,2112,[Samhain Bounty]: Crack the Bones,,,,
,2113,[Samhain Bounty]: Fresh Delicacy,,,,
,2114,[Samhain Bounty]: Power of Epona,,,,
,2115,[Samhain Bounty]: Ditching Darach,,,,
,2116,[Samhain Bounty]: Scrumptious,,,,
,2117,[Samhain Bounty]: Lookout!,,,,
,2118,[Samhain Bounty]: Peripherals,,,,
,2119,[Samhain Bounty]: Plump Pumpkin,,,,
,2120,[Samhain Bounty]: Infiltration,,,,
,2121,[Samhain Bounty]: Funny Bone,,,,
,2122,[Samhain Bounty]: Pumpkin Mix,,,,
,2123,[Samhain Bounty]: Grinding Bones,,,,
,2124,[Samhain Bounty]: Eye Catching,,,,
,2125,[Samhain Bounty]: Prized Pumpkin,,,,
,2126,[Samhain Bounty]: Agitation,,,,
,2127,[Samhain Bounty]: Look in my Eyes,,,,
,2128,[Samhain Bounty]: Pick and Mix,,,,
,2129,[Samhain Bounty]: Gathering Evil,,,,
,2130,[Samhain Bounty]: Darach Deluge,,,,
,2131,[Samhain Bounty]: Pumpkin Season,,,,
,2132,[Samhain Bounty]: Espionage,,,,
,2133,[Samhain Bounty]: Eye See You,,,,
,2134,[Samhain Bounty]: Soor Plooms,,,,
,2135,[Samhain Bounty]: Last Champion,,,,
,2136,[Samhain Bounty]: Spy Catcher,,,,
,2137,[Samhain Bounty]: Sour Mixture,,,,
,2138,[Samhain Bounty]: License to Kill,,,,
,2139,[Samhain Bounty]: Optically Aware,,,,
,2140,[Samhain Bounty]: Unripe Harvest,,,,
,2141,[Samhain Bounty]: Incite a Riot,,,,
,2142,[Samhain Bounty]: Inquisition,,,,
,2143,[Samhain Bounty]: Bitter Bites,,,,
,2144,[Samhain Bounty]: Gaze of Death,,,,
,2145,[Samhain Bounty]: Glazing Over,,,,
,2146,[Samhain Bounty]: Bit of Bitter,,,,
,2147,[Samhain Bounty]: Chief Challenge,,,,
,2148,[Samhain Bounty]: Eye in the Sky,,,,
,2149,[Samhain Bounty]: Pumpkin Power,,,,
,2150,CT A bit of Skill,,,,
,2151,CT Stop the Advance,,,,
,2152,CT Stop the Advance,,,,
,2153,CT Stop the Advance,,,,
,2154,CT Stop the Advance,,,,
,2155,CT Stop the Advance,,,,
,2156,CT Trading Places,,,,
,2157,CT Pelting Down,,,,
,2158,Signal the Win,,,,
,2159,The Best Beacon,,,,
,2160,Guiding Light,,,,
,2161,Fired Up,,,,
,2162,Flames of Victory,,,,
,2163,Red Nithsteed Guise,,,,
,2164,Pink Nithsteed Guise,,,,
,2165,Orange Nithsteed Guise,,,,
,2166,Yellow Nithsteed Guise,,,,
,2167,Green Nithsteed Guise,,,,
,2168,Turquoise Nithsteed Guise,,,,
,2169,Blue Nithsteed Guise,,,,
,2170,Purple Nithsteed Guise,,,,
,2171,Black Nithsteed Guise,,,,
,2172,White Nithsteed Guise,,,,
,2173,Red Nithsteed Guise,,,,
,2174,Pink Nithsteed Guise,,,,
,2175,Orange Nithsteed Guise,,,,
,2176,Yellow Nithsteed Guise,,,,
,2177,Green Nithsteed Guise,,,,
,2178,Turquoise Nithsteed Guise,,,,
,2179,Blue Nithsteed Guise,,,,
,2180,Purple Nithsteed Guise,,,,
,2181,Black Nithsteed Guise,,,,
,2182,White Nithsteed Guise,,,,
,2183,Doch Gul Gauntlets of Myth,,,,
,2184,Doch Gul Wristguards of Myth,,,,
,2185,Doch Gul Vambraces of Myth,,,,
,2186,Doch Gul Gloves of Myth,,,,
,2187,Doch Gul Handwraps of Myth,,,,
,2188,Doch Gul Boots of Myth,,,,
,2189,Doch Gul Sandals of Myth,,,,
,2190,Doch Gul Treads of Myth,,,,
,2191,Doch Gul Shoes of Myth,,,,
,2192,Doch Gul Footguards of Myth,,,,
,2193,Doch Gul Helm of Myth,,,,
,2194,Doch Gul Circlet of Myth,,,,
,2195,Doch Gul Hood of Myth,,,,
,2196,Doch Gul Hat of Myth,,,,
,2197,Doch Gul Cowl of Myth,,,,
,2198,Doch Gul Greaves of Myth,,,,
,2199,Doch Gul Leggings of Myth,,,,
,2200,Doch Gul Legguards of Myth,,,,
,2201,Doch Gul Skirt of Myth,,,,
,2202,Doch Gul Breeches of Myth,,,,
,2203,Doch Gul Breastplate of Myth,,,,
,2204,Doch Gul Robe of Myth,,,,
,2205,Doch Gul Cuirass of Myth,,,,
,2206,Doch Gul Gown of Myth,,,,
,2207,Doch Gul Jerkin of Myth,,,,
,2208,%OMIT%This side of the gate is sealed.,,,,
,2209,%OMIT%The path is sealed by a portcullis.,,,,
,2210,Base Band of the Anointed,,,,
,2211,Minor Band of the Anointed,,,,
,2212,Lesser Band of the Anointed,,,,
,2213,Mystic Band of the Anointed,,,,
,2214,Greater Band of the Anointed,,,,
,2215,Grand Band of the Anointed,,,,
,2216,Mighty Band of the Anointed,,,,
,2217,Majestic Band of the Anointed,,,,
,2218,Royal Band of the Anointed,,,,
,2219,Imperial Band of the Anointed,,,,
,2220,Godly Band of the Anointed,,,,
,2221,Base Ring of Pure Symmetry,,,,
,2222,Minor Ring of Pure Symmetry,,,,
,2223,Lesser Ring of Pure Symmetry,,,,
,2224,Mystic Ring of Pure Symmetry,,,,
,2225,Greater Ring of Pure Symmetry,,,,
,2226,Grand Ring of Pure Symmetry,,,,
,2227,Mighty Ring of Pure Symmetry,,,,
,2228,Majestic Ring of Pure Symmetry,,,,
,2229,Royal Ring of Pure Symmetry,,,,
,2230,Imperial Ring of Pure Symmetry,,,,
,2231,Godly Ring of Pure Symmetry,,,,
,2232,The Burning Question,,,,
,2233,Signal the Win,,,,
,2234,The Best Beacon,,,,
,2235,Guiding Light,,,,
,2236,Fired Up,,,,
,2237,Flames of Victory,,,,
,2238,[Yule Bounty]: Scouting About,,,,
,2239,[Yule Bounty]: Barrels of Fun,,,,
,2240,[Yule Bounty]: Winter Rose,,,,
,2241,[Yule Bounty]: Gritty Problem,,,,
,2242,[Yule Bounty]: Painting a Masterpiece,,,,
,2243,[Yule Bounty]: Blossoming Bounty,,,,
,2244,[Yule Bounty]: Imp Issues,,,,
,2245,[Yule Bounty]: Inky Darkness,,,,
,2246,[Yule Bounty]: Flowers of Winter,,,,
,2247,[Yule Bounty]: Irritating Imps,,,,
,2248,[Yule Bounty]: Roll out the Barrel,,,,
,2249,[Yule Bounty]: Frosty Find,,,,
,2250,[Yule Bounty]: Impish Infestation,,,,
,2251,[Yule Bounty]: Paint a Picture,,,,
,2252,[Yule Bounty]: Frost and Beauty,,,,
,2253,[Yule Bounty]: Invading Imps,,,,
,2254,[Yule Bounty]: War Paint,,,,
,2255,[Yule Bounty]: Blossom Bounty,,,,
,2256,[Yule Bounty]: End the Enemy,,,,
,2257,[Yule Bounty]: Colour Contrast,,,,
,2258,[Yule Bounty]: Sweet Smell,,,,
,2259,[Yule Bounty]: Drive them Back,,,,
,2260,[Yule Bounty]: Ink Wash,,,,
,2261,[Yule Bounty]: Bloomin' Blossoms,,,,
,2262,[Yule Bounty]: Take them Out,,,,
,2263,[Yule Bounty]: Painted Lady,,,,
,2264,[Yule Bounty]: Rime and Reason,,,,
,2265,[Yule Bounty]: Horrid Horde,,,,
,2266,[Yule Bounty]: Barrel Break,,,,
,2267,[Yule Bounty]: Rime Time,,,,
,2268,[Yule Bounty]: Batter Up,,,,
,2269,[Yule Bounty]: Poigniant Pigment,,,,
,2270,[Yule Bounty]: In the Rime,,,,
,2271,[Yule Bounty]: Defeating Death,,,,
,2272,[Yule Bounty]: Colour Wash,,,,
,2273,[Yule Bounty]: Once Upon a Rime,,,,
,2274,[Yule Bounty]: Total Victory,,,,
,2275,[Yule Bounty]: Splash of Colour,,,,
,2276,[Yule Bounty]: In the Mix,,,,
,2277,[Yule Bounty]: Battle Hardened,,,,
,2278,[Yule Bounty]: Irritating Beacons,,,,
,2279,[Yule Bounty]: Blossom Beauty,,,,
,2280,[Yule Bounty]: Fighting Hard,,,,
,2281,[Yule Bounty]: Blasting Barrels,,,,
,2282,[Yule Bounty]: Full of Flowers,,,,
,2283,[Yule Bounty]: Beat them Back,,,,
,2284,[Yule Bounty]: Painting Fire,,,,
,2285,[Yule Bounty]: In the Round,,,,
,2286,[Yule Bounty]: Taraniks Trouble,,,,
,2287,[Yule Bounty]: Flame On,,,,
,2288,[Yule Bounty]: Burgeoning Blight,,,,
,2289,[Yule Bounty]: Trials of Taranis,,,,
,2290,[Yule Bounty]: Flash and Bang,,,,
,2291,[Yule Bounty]: Blossoming Blight,,,,
,2292,[Yule Bounty]: Impact Imps,,,,
,2293,[Yule Bounty]: Burning Firkin,,,,
,2294,[Yule Bounty]: Bright Blight,,,,
,2295,[Yule Bounty]: Enemy at the Gates,,,,
,2296,[Yule Bounty]: Hogshead Splash,,,,
,2297,[Yule Bounty]: Right to Blight,,,,
,2298,[Yule Bounty]: Target: Imps!,,,,
,2299,[Yule Bounty]: Pollock Piece,,,,
,2300,[Yule Bounty]: Otherworldly Flower,,,,
,2301,[Yule Bounty]: Carrowmore Cull,,,,
,2302,[Yule Bounty]: Bashing Barrels,,,,
,2303,[Yule Bounty]: Blessed Blight,,,,
,2304,[Yule Bounty]: Tunnel Travails,,,,
,2305,[Yule Bounty]: Finger Paints,,,,
,2306,[Yule Bounty]: The Other Flowers,,,,
,2307,[Yule Bounty]: Less in Carrowmore,,,,
,2308,[Yule Bounty]: Burn it Out,,,,
,2309,[Yule Bounty]: Bountiful Beauty,,,,
,2310,[Yule Bounty]: Removing Irritants,,,,
,2311,[Yule Bounty]: Art Attack,,,,
,2312,Fired Up,,,,
,2313,Honey Trap,,,,
,2314,Cub Scout,,,,
,2315,Bear in the Woods,,,,
,2316,Ballad of the Fall,,,,
,2317,Glimmer of the Sun,,,,
,2318,Meeting of the Minds,,,,
,2319,Scent of a Woman,,,,
,2320,The Disappeared,,,,
,2321,Path of Discovery,,,,
,2322,Truth will Out,,,,
,2323,Moving In,,,,
,2324,Tricks and Traps,,,,
,2325,Traitor,,,,
,2326,Hunt the Truth,,,,
,2327,Hollow Victory,,,,
,2328,Blood Agenda,,,,
,2329,Double Cross,,,,
,2330,Blood and Steel,,,,
,2331,Breaking the Ritual,,,,
,2332,Mephetic Management,,,,
,2333,Grak Vileshank,,,,
,2334,Ballad Hunt,,,,
,2335,True Lies,,,,
,2336,Hidden Spies,,,,
,2337,Meeting a Lady,,,,
,2338,More Rituals to Break,,,,
,2339,Attic Attack,,,,
,2340,Creepy Creaking,,,,
,2341,Releasing the Soul,,,,
,2342,Flight of Guarding,,,,
,2343,Perpetual Flight of Guarding,,,,
,2344,Enduring Flight of Guarding,,,,
,2345,Everlasting Flight of Guarding,,,,
,2346,Ageless Flight of Guarding,,,,
,2347,Eternal Flight of Guarding,,,,
,2348,Flight of Guarding,,,,
,2349,Rolling Stone,,,,
,2350,Grak Vileshank,,,,
,2351,Honey Trap Repeatable,,,,
,2352,[Ostara Bounty]: Dour Days,,,,
,2353,[Ostara Bounty]: Coral Collection,,,,
,2354,[Ostara Bounty]: Wings of Fury,,,,
,2355,[Ostara Bounty]: Hags in the Mist,,,,
,2356,[Ostara Bounty]: Yolks on You,,,,
,2357,[Ostara Bounty]: Flap Attack,,,,
,2358,[Ostara Bounty]: Spring Cleaning,,,,
,2359,[Ostara Bounty]: Egg-streme,,,,
,2360,[Ostara Bounty]: Soaring Death,,,,
,2361,[Ostara Bounty]: Rainy Day,,,,
,2362,[Ostara Bounty]: Hatching,,,,
,2363,[Ostara Bounty]: Razor Sharp,,,,
,2364,[Ostara Bounty]: Torrential,,,,
,2365,[Ostara Bounty]: Cracking Up,,,,
,2366,[Ostara Bounty]: Wicked Wings,,,,
,2367,[Ostara Bounty]: A Deluge,,,,
,2368,[Ostara Bounty]: Amber Alert!,,,,
,2369,[Ostara Bounty]: Swift Scales,,,,
,2370,[Ostara Bounty]: Horrible Hags,,,,
,2371,[Ostara Bounty]: Round them Up,,,,
,2372,[Ostara Bounty]: Treasured Scales,,,,
,2373,[Ostara Bounty]: Wailing Hags,,,,
,2374,[Ostara Bounty]: Egg Head,,,,
,2375,[Ostara Bounty]: Wings of Fury,,,,
,2376,[Ostara Bounty]: Spring Rains,,,,
,2377,[Ostara Bounty]: Poaching,,,,
,2378,[Ostara Bounty]: Lookout!,,,,
,2379,[Ostara Bounty]: Thunder Clap,,,,
,2380,[Ostara Bounty]: Egg-cellent,,,,
,2381,[Ostara Bounty]: Purgain Purge,,,,
,2382,[Ostara Bounty]: Hideous Hags,,,,
,2383,[Ostara Bounty]: Scrambled,,,,
,2384,[Ostara Bounty]: Gathering Evil,,,,
,2385,[Ostara Bounty]: Blowing a Gale,,,,
,2386,[Ostara Bounty]: Bad Egg,,,,
,2387,[Ostara Bounty]: Spring Cleaning,,,,
,2388,[Ostara Bounty]: Blasted Apart,,,,
,2389,[Ostara Bounty]: Sunny Side Up,,,,
,2390,[Ostara Bounty]: Wings of Fury,,,,
,2391,[Ostara Bounty]: Fearsome Floods,,,,
,2392,[Ostara Bounty]: Emerald Threat,,,,
,2393,[Ostara Bounty]: Wicked Wings,,,,
,2394,[Ostara Bounty]: Flood Warning,,,,
,2395,[Ostara Bounty]: Raid the Nest,,,,
,2396,[Ostara Bounty]: Razor Sharp,,,,
,2397,[Ostara Bounty]: In a Turmoil,,,,
,2398,[Ostara Bounty]: Emerald Omelet,,,,
,2399,[Ostara Bounty]: Precious Scales,,,,
,2400,[Ostara Bounty]: Blown Away,,,,
,2401,[Ostara Bounty]: Egg Head,,,,
,2402,[Ostara Bounty]: Soaring Above,,,,
,2403,[Ostara Bounty]: Twisting Tornado,,,,
,2404,[Ostara Bounty]: Collect them all,,,,
,2405,[Ostara Bounty]: Torm Apart,,,,
,2406,[Ostara Bounty]: Hurricane Chaser,,,,
,2407,[Ostara Bounty]: Purple Power,,,,
,2408,[Ostara Bounty]: Wings of Fury,,,,
,2409,[Ostara Bounty]: Towering Tempest,,,,
,2410,[Ostara Bounty]: Scramble,,,,
,2411,[Ostara Bounty]: Prized Scales,,,,
,2412,[Ostara Bounty]: Storm Chaser,,,,
,2413,[Ostara Bounty]: Egg-centric,,,,
,2414,[Ostara Bounty]: Destruction,,,,
,2415,[Ostara Bounty]: Absolute Bedlam,,,,
,2416,[Ostara Bounty]: Bad Egg,,,,
,2417,[Ostara Bounty]: Bring Them Down,,,,
,2418,[Ostara Bounty]: Into the Maelstrom,,,,
,2419,[Ostara Bounty]: Cracking Up,,,,
,2420,[Ostara Bounty]: Soaring Above,,,,
,2421,[Ostara Bounty]: Pandemonium,,,,
,2422,[Ostara Bounty]: Poached,,,,
,2423,[Ostara Bounty]: Wings of Fury,,,,
,2424,[Ostara Bounty]: Unending Chaos,,,,
,2425,[Ostara Bounty]: Egg-streme,,,,
,2426,Chris Quest,,,,
,2427,The Ritual of Farsight,,,,
,2428,Crystal Gazing,,,,
,2429,Crystal Clear,,,,
,2430,Arrows Loose,,,,
,2431,TEST QUEST,,,,
,2432,The Royal Hunt,,,,
,2433,More Arrows Loosed,,,,
,2434,Look to the Future,,,,
,2435,Occulus Rift,,,,
,2436,Look to the Future,,,,
,2437,Journals of Magic,,,,
,2438,More History to Obtain,,,,
,2439,Magical Curios,,,,
,2440,Remnants of the Ancients,,,,
,2441,The End of Harry Flint,,,,
,2442,Talk to the Animals,,,,
,2443,Dog Taming,,,,
,2444,Rabbit Taming,,,,
,2445,Blocking the Transfer,,,,
,2446,Blocking more Transfers,,,,
,2447,Time and Again,,,,
,2448,Herbcraft,,,,
,2449,Matthew Test Quest,,,,
,2450,Divining Their Plans,,,,
,2451,Desperately Seeking Seekers,,,,
,2452,The Ruptured Caves,,,,
,2453,Shard Stoppers,,,,
,2454,Dragonfire!,,,,
,2455,Poisoned Wounds,,,,
,2456,More Poisoned Wounds,,,,
,2457,Venomspit,,,,
,2458,Connacht Corruption,,,,
,2500,Flotsam and Jetsam,,,,
,2501,Everlasting Sight,,,,
,2502,The Art of Unlocking,,,,
,2503,Pirate Bay,,,,
,2504,Roll out the Barrel,,,,
,2505,Blood Born,,,,
,2506,Bile Duct,,,,
,2507,Monster Loch,,,,
,2508,Fixing the Cracks,,,,
,2509,Blurred Vision,,,,
,2510,Clear Insight,,,,
,2511,Rite Place,,,,
,2512,Rite Recipe,,,,
,2513,Skeleton Key,,,,
,2514,Revealing the Enemy,,,,
,2515,Dunskeig,,,,
,2516,Vault of Terror,,,,
,2517,More Terror is Loosed,,,,
,2518,Decoding Evil,,,,
,2519,Seek and Destroy,,,,
,2520,Corruption of the Innocent,,,,
,2521,When the Bough Breaks,,,,
,2522,More Boughs to Break,,,,
,2523,Sixth Sense,,,,
,2524,Fingal,,,,
,2525,Dian Cecht,,,,
,2526,Myrrdin,,,,
,2527,Myrine,,,,
,2528,Cuhcullain,,,,
,2529,Scathach's Tale,,,,
,2530,Bitter and Twisted,,,,
,2531,Kelpie Krown,,,,
,2532,Seeds of Evil,,,,
,2533,Shattered Time,,,,
,2534,Burning Ambition,,,,
,2535,Signal of Freedom,,,,
,2536,Beacon of Destiny,,,,
,2537,Guiding Flame,,,,
,2538,Swamp Fever,,,,
,2539,Chasing Shadows,,,,
,2540,Lost Knowledge,,,,
,2541,Web Spinner,,,,
,2542,Preserving Life,,,,
,2543,More Life to Preserve,,,,
,2544,Fatal Sting,,,,
,2545,Razorclaw Returns,,,,
,2546,Writings on the Wall,,,,
,2547,The Path of Enlightenment,,,,
,2548,Spirit Shield,,,,
,2549,Ghost Dance,,,,
,2550,Dances with Wraiths,,,,
,2551,Twisted Chaos,,,,
,2552,Bridging the Gap,,,,
,2553,Falling Down,,,,
,2554,Sentinel Fall,,,,
,2555,Pursuing Protection,,,,
,2556,Lockdown,,,,
,2557,The Gates of Rath Parras,,,,
,2558,Squires in Training,,,,
,2559,Frosty Fungus,,,,
,2560,CT Intercepted Supplies,,,,
,2561,Alchemist's Bloom,,,,
,2562,The Sprattening,,,,
,2563,After Anchovies,,,,
,2564,Smelts in the Sea,,,,
,2565,Pinching Pilchards,,,,
,2566,Many Many Minnows,,,,
,2567,Gathering Gudgeons,,,,
,2568,Baiting Bleak,,,,
,2569,Trawling for Tench,,,,
,2570,Chub Grub,,,,
,2571,A Search for Perch,,,,
,2572,Using Your Head,,,,
,2573,A Stickler for Quality,,,,
,2574,Rock Lochster,,,,
,2575,Mull it Over,,,,
,2576,Something Fishyâ€¦,,,,
,2577,Reely Big Fish,,,,
,2578,Fangs for all the Fish!,,,,
,2579,Lantern in the Dark,,,,
,2580,More Fragments,,,,
,2581,More Dragonfire!,,,,
,2582,The Red Herring,,,,
,2583,Lost and Flounder,,,,
,2584,Carpe Diem!,,,,
,2585,Take a Pike,,,,
,2586,Catfish Curiosity,,,,
,2587,Albino Angling,,,,
,2588,Eyes on the Prize,,,,
,2589,Test of Mettle,,,,
,2590,Diamonds in the Rough,,,,
,2591,Bear Taming,,,,
,2592,Spirit Taming,,,,
,2593,Wolf Taming,,,,
,2594,Plenty of Fish in the Sea,,,,
,2595,Honing on Herring,,,,
,2596,A Bite for Bowen,,,,
,2597,The Spice of Life,,,,
,2598,Peninsula Practice,,,,
,2599,Scouring for Silver,,,,
,2600,High Tide in Highshore,,,,
,2601,A Very Regal Meal,,,,
,2602,Harry Hammers Hungers!,,,,
,2603,Stuck in a Rudd,,,,
,2604,A Small Selection,,,,
,2605,Deadeye Redeye,,,,
,2606,Carp for Cantorix,,,,
,2607,Bringing in Barbel,,,,
,2608,The Shalemont Sampler,,,,
,2609,Prized From the Jaws,,,,
,2610,Breaming With Joy!,,,,
,2611,Another Bite for Bowen,,,,
,2612,All That Glittersâ€¦,,,,
,2613,Training on Trout,,,,
,2614,Stonevale Smorgasbord!,,,,
,2615,Down in the Dales,,,,
,2616,Reely Good Meal,,,,
,2617,Fingal's Cavefish,,,,
,2618,Pride of Plaice,,,,
,2619,Right Time,,,,
,2620,Hoarding Haddock,,,,
,2621,Fillet Up!,,,,
,2622,Eyes on the Prize,,,,
,2623,A Show of Skill,,,,
,2624,Shiny Golden Ray of Hope,,,,
,2625,A Kingly Feast,,,,
,2626,Sought After Sturgeon,,,,
,2627,Fly Like an Eagle,,,,
,2628,Stingray!,,,,
,2629,Starlight,,,,
,2630,Lakes and Rivers,,,,
,2631,Stoney Fish,,,,
,2632,Going Below,,,,
,2633,Beyond the Vale,,,,
,2634,Delving into Dunskeig,,,,
,2635,Murky Waters,,,,
,2636,The Ancient Rod,,,,
,2637,Auroral Attunement,,,,
,2638,Aetheric Attunement,,,,
,2639,Astral Attunement,,,,
,2640,The Light of Divinity,,,,
,2641,Carrow no More,,,,
,2642,New Angles,,,,
,2643,Paddling Pool,,,,
,2644,Lucky Learning,,,,
,2645,Golden Opportunity,,,,
,2646,Strike it Lucky,,,,
,2647,Super Skills,,,,
,2648,Super Skills,,,,
,2649,Super Skills,,,,
,2650,Super Skills,,,,
,2651,Super Skills,,,,
,2652,Relics of Lir,,,,
,2653,Sunken Treasure,,,,
,2654,Briny Bears,,,,
,2655,Relics Recovered,,,,
,2656,Tunnels of Treasure,,,,
,2657,Treasure Trove,,,,
,2658,Shady Company,,,,
,2659,Stifled Light,,,,
,2660,Desperate Ravings,,,,
,2661,Aiding Aldington,,,,
,2662,CT Spare The Dying,,,,
,2663,Hawkhurst Poisons,,,,
,2664,Danil The Fleet,,,,
,2665,Eldritch Fortifications,,,,
,2666,Drained Husks,,,,
,2667,Blackstone Shakedown,,,,
,2668,Mucus Mutagen,,,,
,2669,Death By Drevin,,,,
,2670,The Talented Snake,,,,
,2671,Twisted Crystal,,,,
,2672,Weeding Out The Weak,,,,
,2673,Deathmute,,,,
,2674,Pieces of the Puzzle,,,,
,2675,Fragmented Memories,,,,
,2676,Obelisk Obliteration,,,,
,2677,Nexus of Darkness,,,,
,2678,Dark Thoughts Reform,,,,
,2679,Darkmind Secrets,,,,
,2680,Blackened Stone,,,,
,2681,Maligath's Disciples,,,,
,2682,Maligath's Manuscript,,,,
,2683,Maligath's Opus,,,,
,2684,Dragoncult,,,,
,2685,Keeping Them Down,,,,
,2686,False Coronation,,,,
,2687,Of Oak And Elm,,,,
,2688,Weeding,,,,
,2689,Deathmute Infusion,,,,
,2690,Maligath's Malice,,,,
,2691,Hostile Waters,,,,
,2692,[Bounty]: Dem Bones,,,,
,2693,[Bounty]: Axe-ecute,,,,
,2694,[Bounty]: Draken Loot,,,,
,2695,[Bounty]: Darkened Claws,,,,
,2696,[Bounty]: Hunt the Pack,,,,
,2697,[Bounty]: Gem Thieves,,,,
,2698,[Bounty]: Stolen Treasure,,,,
,2699,[Bounty]: Battling the Crookback,,,,
,2700,[Bounty]: Gems of the Hollow,,,,
,2701,[Bounty]: Going Clubbing,,,,
,2702,[Bounty]: Clubbed,,,,
,2703,[Bounty]: Clubbing Caveguards,,,,
,2704,[Bounty]: Stealing Supplies,,,,
,2705,[Bounty]: Cracking Skulls,,,,
,2706,[Bounty]: Broken Skulls,,,,
,2707,[Bounty]: Crushed,,,,
,2708,[Bounty]: Supply Route,,,,
,2709,[Bounty]: Shattered Weapons,,,,
,2710,[Bounty]: Recover the Shards,,,,
,2711,[Bounty]: Fragmented,,,,
,2712,[Bounty]: Crystals of Donn,,,,
,2713,[Bounty]: Crystalised,,,,
,2714,[Bounty]: Curses,,,,
,2715,[Bounty]: Curse of Dustwither,,,,
,2716,[Bounty]: Curse of the Cult,,,,
,2717,[Bounty]: Bleached Bones,,,,
,2718,[Bounty]: Blessed Bones,,,,
,2719,[Bounty]: Breaking Bones,,,,
,2720,[Bounty]: Skeletal Remains,,,,
,2721,[Bounty]: Dust and Bones,,,,
,2722,[Bounty]: Reporting Back,,,,
,2723,[Bounty]: Catching Connacht,,,,
,2724,[Bounty]: Interception,,,,
,2725,[Bounty]: Razor Sharp,,,,
,2726,[Bounty]: Pit of Spears,,,,
,2727,[Bounty]: Speared,,,,
,2728,[Bounty]: Ice Cold,,,,
,2729,[Bounty]: Glittering Gems,,,,
,2730,[Bounty]: Gems of Ice,,,,
,2731,[Bounty]: Frozen Spells,,,,
,2732,[Bounty]: Plenty of Pelts,,,,
,2733,[Bounty]: Down by the River,,,,
,2734,[Bounty]: Ratty,,,,
,2735,[Bounty]: Piles of Pelts,,,,
,2736,[Bounty]: No More Rats,,,,
,2737,[Bounty]: Flawless,,,,
,2738,[Bounty]: Beating the Bats,,,,
,2739,[Bounty]: Flawlessly Feral,,,,
,2740,[Bounty]: Twisted Pelts,,,,
,2741,[Bounty]: Precious Pelts,,,,
,2742,[Bounty]: Winged Vermin,,,,
,2743,[Bounty]: Pointy Fangs,,,,
,2744,[Bounty]: Dire Concequences,,,,
,2745,[Bounty]: Vicious Vermin,,,,
,2746,[Bounty]: Fierce Fangs,,,,
,2747,[Bounty]: Charged,,,,
,2748,[Bounty]: Gemology,,,,
,2749,[Bounty]: Glittering Gems,,,,
,2750,[Bounty]: Gems Galore,,,,
,2751,[Bounty]: Icicles,,,,
,2752,[Bounty]: Sleat Storm,,,,
,2753,[Bounty]: Icily,,,,
,2754,[Bounty]: Vales of Ice,,,,
,2755,[Bounty]: Torches Blazing,,,,
,2756,[Bounty]: Fields of Fire,,,,
,2757,[Bounty]: Playing with Matches,,,,
,2758,[Bounty]: Clawed,,,,
,2759,[Bounty]: Teeth and Claws,,,,
,2760,[Bounty]: Battling Bears,,,,
,2761,[Bounty]: Glowering,,,,
,2762,[Bounty]: Gruesome Pelts,,,,
,2763,[Bounty]: Piles of Pelts,,,,
,2764,[Bounty]: Big Bad Bears,,,,
,2765,[Bounty]: Dark Eye,,,,
,2766,[Bounty]: Pirate Patch,,,,
,2767,[Bounty]: Cave of Darkness,,,,
,2768,[Bounty]: Patched Up,,,,
,2769,[Bounty]: Stormy Seas,,,,
,2770,[Bounty]: Curved Cutlasses,,,,
,2771,[Bounty]: Rough Ruffians,,,,
,2772,[Bounty]: Cutting a Path,,,,
,2773,[Bounty]: Blade of Darkness,,,,
,2774,[Bounty]: Dark Treasures,,,,
,2775,[Bounty]: Buried Treasure,,,,
,2776,[Bounty]: Lots of Loot,,,,
,2777,[Bounty]: Plenty of Plunder,,,,
,2778,[Bounty]: Shiny Shells,,,,
,2779,[Bounty]: My Precious,,,,
,2780,[Bounty]: Sea Shells,,,,
,2781,[Bounty]: Corsair Collectors,,,,
,2782,[Bounty]: Watchful Eyes,,,,
,2783,[Bounty]: Lookout Lens,,,,
,2784,[Bounty]: Corruption,,,,
,2785,[Bounty]: Mysticism,,,,
,2786,[Bounty]: Arcane Crystals,,,,
,2787,[Bounty]: Otherworldly Crystals,,,,
,2788,[Bounty]: Harvesting,,,,
,2789,[Bounty]: Majestic Mushrooms,,,,
,2790,[Bounty]: Sporadic Spores,,,,
,2791,[Bounty]: Re-Animation,,,,
,2792,[Bounty]: Unholy Enchantments,,,,
,2793,[Bounty]: Active Afterlife,,,,
,2794,[Bounty]: Weapons of the Dead,,,,
,2795,[Bounty]: Rotting Away,,,,
,2796,[Bounty]: Bound to Death,,,,
,2797,[Bounty]: Fangs of Fury,,,,
,2798,[Bounty]: Webbed Tunnels,,,,
,2799,[Bounty]: Freaky Fangs,,,,
,2800,[Bounty]: Silky Threads,,,,
,2801,[Bounty]: Infestation,,,,
,2802,[Bounty]: Death Shroud,,,,
,2803,[Bounty]: Shrouded in Shadow,,,,
,2804,[Bounty]: Otherwordly,,,,
,2805,[Bounty]: Phantom Menaces,,,,
,2806,[Bounty]: Secret Summoning,,,,
,2807,[Bounty]: Orbs of Twilight,,,,
,2808,[Bounty]: Hidden in Shadows,,,,
,2809,[Bounty]: Shards of Darkness,,,,
,2810,[Bounty]: Veiled in Shadow,,,,
,2811,[Bounty]: Scattered Shards,,,,
,2812,[Bounty]: Hard as Iron,,,,
,2813,[Bounty]: Core of Rock,,,,
,2814,[Bounty]: To the Core,,,,
,2815,[Bounty]: Grim Golems,,,,
,2816,[Bounty]: Build a Wall,,,,
,2817,[Bounty]: Wreathed in Flame,,,,
,2818,[Bounty]: Burning Embers,,,,
,2819,[Bounty]: Hidden Flame,,,,
,2820,[Bounty]: Glowing Embers,,,,
,2821,[Bounty]: Beating Brawlers,,,,
,2822,[Bounty]: Down to the Bone,,,,
,2823,[Bounty]: Collecting Clubs,,,,
,2824,[Bounty]: Pile of Bones,,,,
,2825,[Bounty]: Beating Boggans,,,,
,2826,[Bounty]: Clubbed,,,,
,2827,[Bounty]: Breaking Bones,,,,
,2828,[Bounty]: On the Scrap Heap,,,,
,2829,[Bounty]: Cinder Scraps,,,,
,2830,[Bounty]: Scraps of Cloth,,,,
,2831,[Bounty]: Scrappy,,,,
,2832,[Bounty]: Filthy Scraps,,,,
,2833,[Bounty]: Cloth of Carrowmore,,,,
,2834,[Bounty]: Tunnels of Treasure,,,,
,2835,[Bounty]: Hidden Riches,,,,
,2836,[Bounty]: Boggan Wealth,,,,
,2837,[Bounty]: Boggan Booty,,,,
,2838,[Bounty]: Coins of Carrowmore,,,,
,2839,[Bounty]: Jackpot,,,,
,2840,[Bounty]: Frosty Spells,,,,
,2841,[Bounty]: Fragmented,,,,
,2842,[Bounty]: Spells of Power,,,,
,2843,[Bounty]: Boggan Spellcraft,,,,
,2844,[Bounty]: Lost Magic,,,,
,2845,[Bounty]: Combining Fragments,,,,
,2846,[Bounty]: Carrowmore Claws,,,,
,2847,[Bounty]: Claw Marks,,,,
,2848,[Bounty]: Blighted Boggans,,,,
,2849,[Bounty]: Claiming Claws,,,,
,2850,[Bounty]: Clawed Apart,,,,
,2851,[Bounty]: No More Claws,,,,
,2852,[Bounty]: Scrappy Lookouts,,,,
,2853,[Bounty]: Armour Piercing,,,,
,2854,[Bounty]: Fighting Firbolg,,,,
,2855,[Bounty]: Stolen Supplies,,,,
,2856,[Bounty]: Supplyline,,,,
,2857,[Bounty]: Restless Reavers,,,,
,2858,[Bounty]: Slaying Shaman,,,,
,2859,[Bounty]: Recovered Remains,,,,
,2860,[Bounty]: Finding Fianna,,,,
,2861,[Bounty]: Nothing Remains,,,,
,2862,[Bounty]: Enforcement,,,,
,2863,[Bounty]: Forcing a Path,,,,
,2864,[Bounty]: Finding Fragments,,,,
,2865,[Bounty]: Hexed Fangs,,,,
,2866,[Bounty]: Hound Dog,,,,
,2867,[Bounty]: A Hex Upon You,,,,
,2868,[Bounty]: Detained,,,,
,2869,[Bounty]: Gems of Despair,,,,
,2870,[Bounty]: Darkness and Despair,,,,
,2871,[Bounty]: Glittering Gems,,,,
,2872,[Bounty]: Infernal Beasts,,,,
,2873,[Bounty]: Into the Blight,,,,
,2874,[Bounty]: Fierce and Swift,,,,
,2875,[Bounty]: Mighty Magicks,,,,
,2876,[Bounty]: The Forbidden,,,,
,2877,[Bounty]: Another Adept,,,,
,2878,[Bounty]: The Ascension,,,,
,2879,[Bounty]: The Matrix,,,,
,2880,[Bounty]: Power to Ascend,,,,
,2881,[Bounty]: Infernal Matrix,,,,
,2882,[Bounty]: Drudgery,,,,
,2883,[Bounty]: Short Stuff,,,,
,2884,[Bounty]: Armoured Imps,,,,
,2885,[Bounty]: Alchemical Power,,,,
,2886,[Bounty]: Tower Power,,,,
,2887,[Bounty]: Crystal Craft,,,,
,2888,[Bounty]: Bottled Power,,,,
,2889,[Bounty]: Chemicals of Power,,,,
,2890,[Bounty]: Alchemy,,,,
,2891,[Elite Bounty]: Out of Control,,,,
,2892,[Elite Bounty]: Crystalize,,,,
,2893,[Elite Bounty]: Breaking Bonds,,,,
,2894,[Elite Bounty]: Ironclad,,,,
,2895,[Elite Bounty]: Summoned Souls,,,,
,2896,[Elite Bounty]: Haunted Chambers,,,,
,2897,[Elite Bounty]: Cast Away,,,,
,2898,[Elite Bounty]: Runecraft,,,,
,2899,[Elite Bounty]: Summoned,,,,
,2900,[Elite Bounty]: Downcast,,,,
,2901,[Elite Bounty]: See no More,,,,
,2902,[Elite Bounty]: Vailed Torment,,,,
,2903,[Elite Bounty]: Forbidden Sight,,,,
,2904,[Elite Bounty]: Unfocussed Sorcery,,,,
,2905,[Elite Bounty]: In Focus,,,,
,2906,[Elite Bounty]: Otherwordly Gems,,,,
,2907,[Elite Bounty]: Forbidden Commands,,,,
,2908,[Elite Bounty]: Hidden Intelligence,,,,
,2909,[Elite Bounty]: Tidings of Torture,,,,
,2910,[Elite Bounty]: Tortured Magics,,,,
,2911,[Elite Bounty]: Blades of Terror,,,,
,2912,[Elite Bounty]: Cursed Wounds,,,,
,2913,[Elite Bounty]: Blade Master,,,,
,2914,[Elite Bounty]: Clawing Death,,,,
,2915,[Elite Bounty]: Arcane Magic,,,,
,2916,[Elite Bounty]: Laceration,,,,
,2917,Boar Taming,,,,
,2918,Spider Taming,,,,
,2919,More Hawkhurst Poisons,,,,
,2920,Cull Those Husks,,,,
,2921,Another Shakedown,,,,
,2922,Drevin's Dreaded Double,,,,
,2923,Twistier Crystals,,,,
,2924,More Weeding Out The Weak,,,,
,2925,%OMIT%The door appears to have rusted shut.,,,,
,2926,[Bounty]: Driving Recruitment,,,,
,2927,A Gruelling Task,,,,
,2928,Flour To Flatbread,,,,
,2929,Making Broth,,,,
,2930,Making Fresh Bread,,,,
,2931,Making Lentil Soup,,,,
,2932,Making Oatcakes,,,,
,2933,Making Pea Soup,,,,
,2934,Making Scones,,,,
,2935,Making Pottage,,,,
,2936,Making Ginger Bread,,,,
,2937,Making Scotch Broth,,,,
,2938,Making Shortbread,,,,
,2939,Making Carrot Soup,,,,
,2940,Making Pancakes,,,,
,2941,Making Frumenty,,,,
,2942,Making Flapjacks,,,,
,2943,Making Sweet Porridge,,,,
,2944,Making Bannocks,,,,
,2945,Making Mushroom Casserole,,,,
,2946,Making Fruit Cake,,,,
,2947,Oatcake Mastery,,,,
,2948,Pea Soup Mastery,,,,
,2949,Scone Mastery,,,,
,2950,Pottage Mastery,,,,
,2951,Ginger Bread Mastery,,,,
,2952,Scotch Broth Mastery,,,,
,2953,Shortbread Mastery,,,,
,2954,Carrot Soup Mastery,,,,
,2955,Pancake Mastery,,,,
,2956,Frumenty Mastery,,,,
,2957,Flapjack Mastery,,,,
,2958,Sweet Porridge Mastery,,,,
,2959,Bannock Mastery,,,,
,2960,Mushroom Casserole Mastery,,,,
,2961,Fruit Cake Mastery,,,,
,2962,Bulk Order: Broth!,,,,
,2963,Bulk Order: Fresh Bread!,,,,
,2964,Bulk Order: Lentil Soup!,,,,
,2965,Bulk Order: Oatcakes!,,,,
,2966,Bulk Order: Pea Soup!,,,,
,2967,Bulk Order: Scones!,,,,
,2968,Bulk Order: Pottage!,,,,
,2969,Bulk Order: Ginger Bread!,,,,
,2970,Bulk Order: Scotch Broth!,,,,
,2971,Bulk Order: Shortbread!,,,,
,2972,Bulk Order: Carrot Soup!,,,,
,2973,Bulk Order: Pancakes!,,,,
,2974,Bulk Order: Frumenty!,,,,
,2975,Bulk Order: Flapjacks!,,,,
,2976,Bulk Order: Sweet Porridge!,,,,
,2977,Bulk Order: Bannocks!,,,,
,2978,Sealing the Breach,,,,
,2979,Through the Gates,,,,
,2980,Prickly Plants,,,,
,2981,More Prickly Plants,,,,
,2982,Creeping Vines,,,,
,2983,More Creeping Vines,,,,
,2984,More Gruelling Work,,,,
,2985,Barley's the Grain…,,,,
,2986,Fighting Corruption,,,,
,2987,Across the Dunes,,,,
,2988,Secrets of the Gods,,,,
,2989,Proving Yourself,,,,
,2990,Further Proof,,,,
,2991,Lich Faction 1 Quest 2,,,,
,2992,Lich Faction 1 Quest 2 REP,,,,
,2993,Lich Faction 1 Quest 3,,,,
,2994,Lich Faction 1 Quest 3 REP,,,,
,2995,Lich Faction 1 Quest 4,,,,
,2996,Lich Faction 1 Quest 4 REP,,,,
,2997,Lich Faction 1 Quest 5,,,,
,2998,Lich Faction 1 Quest 5 REP,,,,
,2999,Bulk Order: Mushroom Casserole!,,,,
,3000,Bulk Order: Fruit Cake!,,,,
,3001,Draconic Attunement,,,,
,3002,The Call of Lichdom,,,,
,3003,A Higher Calling,,,,
,3004,Darkened Secrets,,,,
,3005,Ancient History,,,,
,3006,Lichborne Loyalty,,,,
,3007,The Reaver Forces,,,,
,3008,Reave Asunder,,,,
,3009,The Phylactery,,,,
,3010,Annals of History,,,,
,3011,Bond of Bone,,,,
,3012,Shatterstone Ritual,,,,
,3013,The Key to Corruption,,,,
,3014,Poisoned Vines,,,,
,3015,More Poisoned Vines,,,,
,3016,Red Cheerful Jester's Hat,,,,
,3017,Pink Cheerful Jester's Hat,,,,
,3018,Orange Cheerful Jester's Hat,,,,
,3019,Yellow Cheerful Jester's Hat,,,,
,3020,Green Cheerful Jester's Hat,,,,
,3021,Turquoise Cheerful Jester's Hat,,,,
,3022,Blue Cheerful Jester's Hat,,,,
,3023,Purple Cheerful Jester's Hat,,,,
,3024,Black Cheerful Jester's Hat,,,,
,3025,White Cheerful Jester's Hat,,,,
,3026,Red Cheerful Jester's Hat,,,,
,3027,Pink Cheerful Jester's Hat,,,,
,3028,Orange Cheerful Jester's Hat,,,,
,3029,Yellow Cheerful Jester's Hat,,,,
,3030,Green Cheerful Jester's Hat,,,,
,3031,Turquoise Cheerful Jester's Hat,,,,
,3032,Blue Cheerful Jester's Hat,,,,
,3033,Purple Cheerful Jester's Hat,,,,
,3034,Black Cheerful Jester's Hat,,,,
,3035,White Cheerful Jester's Hat,,,,
,3036,Eagle Taming,,,,
,3037,Time for a Lich Hunt,,,,
,3038,Bonefall,,,,
,3039,Beaten to the Punch,,,,
,3040,Little Crop of Horrors,,,,
,3041,Conduits of Corruption,,,,
,3042,Continuous Corruption,,,,
,3043,[Bounty]: High Standards,,,,
,3044,[Bounty]: Thorn in Our Side,,,,
,3045,[Bounty]: Blooming Urgent!,,,,
,3046,[Bounty]: Flags For Farcrag,,,,
,3047,[Bounty]: Missing Missives,,,,
,3048,[Bounty]: Arcanum Historium,,,,
,3049,[Bounty]: Barbaric!,,,,
,3050,[Bounty]: Doom and Bloom,,,,
,3051,[Bounty]: Standards of the Warforged,,,,
,3052,[Bounty]: Liberating Librams,,,,
,3053,[Bounty]: Standard Procedure,,,,
,3054,[Bounty]: Cultivating Corruption,,,,
,3055,[Bounty]: Resisting Corruption,,,,
,3056,[Bounty]: Standards of the Arcanists,,,,
,3057,[Bounty]: Paper Trail,,,,
,3058,[Bounty]: Two Plus Two, Flags of Blue,,,,
,3059,[Bounty]: Bristling Barbs,,,,
,3060,[Bounty]: Corruption Conundrum,,,,
,3061,[Bounty]: Flags Held High,,,,
,3062,[Bounty]: Meddling With Missives,,,,
,3063,[Bounty]: A Mixed Flag,,,,
,3067,[Bounty]: Keen Eye For Trouble,,,,
,3068,[Bounty]: Reap the Creep,,,,
,3069,[Bounty]: Obstinate Obelisks,,,,
,3070,[Bounty]: Drop The Hammer,,,,
,3071,[Bounty]: Berserker's Brawl,,,,
,3072,[Bounty]: Sharp Eye, Sharper Aim,,,,
,3073,[Bounty]: Floral Fulmination!,,,,
,3074,[Bounty]: Aura of Malice,,,,
,3075,[Bounty]: Wholesale Combat,,,,
,3076,[Bounty]: Headsman's Axe,,,,
,3077,[Bounty]: Tracking the Trackers,,,,
,3078,[Bounty]: Overgrown Menace,,,,
,3079,[Bounty]: Empowered Entities,,,,
,3080,[Bounty]: Blackstone Brawl,,,,
,3081,[Bounty]: Unnatural Strength,,,,
,3082,[Bounty]: Darkened Archery,,,,
,3083,[Bounty]: Corrupting Creepers,,,,
,3084,[Bounty]: Smashed to Smithereens,,,,
,3085,[Bounty]: Whittling Them Down,,,,
,3086,[Bounty]: The Mighty Shall Fall,,,,
,3087,[Bounty]: Ancient Grudge,,,,
,3088,Aerial Assault on the Eastern Spire,,,,
,3089,Liquidating Lichborne,,,,
,3090,Acquisition of the Eastern Spire,,,,
,3091,Reaver Ruination,,,,
,3092,The Ritual of Transference,,,,
,3093,The Lost Bastion,,,,
,3094,The Lost Fury,,,,
,3095,The Lost Prowess,,,,
,3096,The Lost Finesse,,,,
,3097,The Lost Featherdraw,,,,
,3098,The Lost Crossfire,,,,
,3099,The Lost Sacred Flame,,,,
,3100,The Lost Glacial Embrace,,,,
,3101,The Lost Adaptation,,,,
,3102,The Lost Grace,,,,
,3103,The Lost Boon,,,,
,3104,The Lost Stormrage,,,,
,3105,Restoring The Shield,,,,
,3106,Restoring The Axe,,,,
,3107,Restoring The Blade,,,,
,3108,Restoring The Dagger,,,,
,3109,Restoring The Quiver,,,,
,3110,Restoring The Rearguard,,,,
,3111,Restoring The Tome,,,,
,3112,Restoring The Grimoire,,,,
,3113,Restoring The Lexicon,,,,
,3114,Restoring The Codex,,,,
,3115,Restoring The Compendium,,,,
,3116,Restoring The Octavo,,,,
,3117,Cuhcullain's Bastion,,,,
,3118,Cuhcullain's Fury,,,,
,3119,Fingal's Edge of Prowess,,,,
,3120,Fingal's Edge of Finesse,,,,
,3121,Myrine's Featherdraw,,,,
,3122,Myrine's Crossfire,,,,
,3123,Myrrdin's Sacred Flame,,,,
,3124,Myrrdin's Glacial Embrace,,,,
,3125,Myrrdin's Adaptation,,,,
,3126,Dian Cecht's Grace,,,,
,3127,Dian Cecht's Boon,,,,
,3128,Dian Cecht's Stormrage,,,,
,3129,Red Forest Guard Helm,,,,
,3130,Pink Forest Guard Helm,,,,
,3131,Orange Forest Guard Helm,,,,
,3132,Yellow Forest Guard Helm,,,,
,3133,Green Forest Guard Helm,,,,
,3134,Turquoise Forest Guard Helm,,,,
,3135,Blue Forest Guard Helm,,,,
,3136,Purple Forest Guard Helm,,,,
,3137,Black Forest Guard Helm,,,,
,3138,White Forest Guard Helm,,,,
,3139,Red Forest Guard Helm,,,,
,3140,Pink Forest Guard Helm,,,,
,3141,Orange Forest Guard Helm,,,,
,3142,Yellow Forest Guard Helm,,,,
,3143,Green Forest Guard Helm,,,,
,3144,Turquoise Forest Guard Helm,,,,
,3145,Blue Forest Guard Helm,,,,
,3146,Purple Forest Guard Helm,,,,
,3147,Black Forest Guard Helm,,,,
,3148,White Forest Guard Helm,,,,
